"Date","Price","Open","High","Low","Vol.","Change %"
"Dec 29, 2017","6,903.39","6,952.60","6,954.98","6,903.39","422.84M","-0.67"
"Dec 28, 2017","6,950.16","6,953.38","6,954.80","6,936.75","293.06M","0.16"
"Dec 27, 2017","6,939.34","6,941.45","6,955.38","6,931.34","316.13M","0.04"
"Dec 26, 2017","6,936.25","6,928.92","6,942.14","6,915.56","322.15M","-0.34"
"Dec 22, 2017","6,959.96","6,958.02","6,962.26","6,944.44","372.94M","-0.08"
"Dec 21, 2017","6,965.36","6,972.88","6,992.63","6,961.20","436.63M","0.06"
"Dec 20, 2017","6,960.96","6,991.26","6,991.26","6,935.42","442.66M","-0.04"
"Dec 19, 2017","6,963.85","6,991.25","6,995.88","6,951.49","514.90M","-0.44"
"Dec 18, 2017","6,994.76","6,980.40","7,003.89","6,975.55","539.24M","0.84"
"Dec 15, 2017","6,936.58","6,871.55","6,945.82","6,871.45","1.42B","1.17"
"Dec 14, 2017","6,856.53","6,887.39","6,901.13","6,851.63","496.56M","-0.28"
"Dec 13, 2017","6,875.80","6,880.41","6,897.62","6,871.87","490.98M","0.20"
"Dec 12, 2017","6,862.32","6,872.72","6,884.81","6,856.30","456.45M","-0.19"
"Dec 11, 2017","6,875.08","6,847.64","6,879.80","6,844.88","448.36M","0.51"
"Dec 08, 2017","6,840.08","6,859.94","6,870.48","6,831.61","429.26M","0.40"
"Dec 07, 2017","6,812.84","6,785.74","6,829.29","6,778.20","475.25M","0.54"
"Dec 06, 2017","6,776.38","6,742.07","6,787.42","6,734.13","454.87M","0.21"
"Dec 05, 2017","6,762.21","6,759.14","6,836.45","6,752.32","518.90M","-0.19"
"Dec 04, 2017","6,775.37","6,897.14","6,899.23","6,770.69","600.98M","-1.05"
"Dec 01, 2017","6,847.59","6,844.04","6,872.17","6,737.16","547.88M","-0.38"
"Nov 30, 2017","6,873.97","6,852.80","6,888.65","6,838.48","730.82M","0.73"
"Nov 29, 2017","6,824.39","6,907.28","6,908.33","6,793.95","586.18M","-1.27"
"Nov 28, 2017","6,912.36","6,893.72","6,914.19","6,866.21","477.32M","0.49"
"Nov 27, 2017","6,878.52","6,889.91","6,897.43","6,867.89","444.30M","-0.15"
"Nov 24, 2017","6,889.16","6,878.11","6,890.02","6,873.74","223.07M","0.32"
"Nov 22, 2017","6,867.36","6,869.53","6,874.52","6,859.28","386.64M","0.07"
"Nov 21, 2017","6,862.48","6,820.55","6,862.66","6,820.02","465.90M","1.06"
"Nov 20, 2017","6,790.71","6,789.28","6,795.83","6,779.48","437.87M","0.12"
"Nov 17, 2017","6,782.79","6,794.45","6,797.75","6,777.43","493.18M","-0.15"
"Nov 16, 2017","6,793.29","6,742.34","6,806.67","6,742.34","476.98M","1.30"
"Nov 15, 2017","6,706.21","6,700.68","6,725.32","6,667.31","457.21M","-0.47"
"Nov 14, 2017","6,737.87","6,733.87","6,743.63","6,709.27","462.99M","-0.29"
"Nov 13, 2017","6,757.60","6,727.39","6,766.30","6,723.43","462.89M","0.10"
"Nov 10, 2017","6,750.94","6,736.39","6,757.35","6,727.35","464.51M","0.01"
"Nov 09, 2017","6,750.05","6,737.45","6,758.93","6,687.28","517.86M","-0.58"
"Nov 08, 2017","6,789.12","6,764.85","6,791.65","6,753.34","509.54M","0.32"
"Nov 07, 2017","6,767.78","6,785.44","6,795.52","6,750.35","531.06M","-0.27"
"Nov 06, 2017","6,786.44","6,763.30","6,790.66","6,763.17","524.23M","0.33"
"Nov 03, 2017","6,764.44","6,737.09","6,765.14","6,712.93","521.39M","0.74"
"Nov 02, 2017","6,714.94","6,709.39","6,719.97","6,677.55","533.72M","-0.02"
"Nov 01, 2017","6,716.53","6,758.64","6,759.66","6,691.48","491.99M","-0.17"
"Oct 31, 2017","6,727.67","6,713.71","6,737.75","6,705.79","509.98M","0.43"
"Oct 30, 2017","6,698.96","6,693.77","6,727.39","6,677.15","477.43M","-0.03"
"Oct 27, 2017","6,701.26","6,635.03","6,708.13","6,625.78","566.65M","2.20"
"Oct 26, 2017","6,556.77","6,567.59","6,582.76","6,550.03","496.86M","-0.11"
"Oct 25, 2017","6,563.89","6,587.22","6,600.65","6,517.93","493.72M","-0.52"
"Oct 24, 2017","6,598.43","6,598.60","6,611.90","6,582.06","421.46M","0.18"
"Oct 23, 2017","6,586.83","6,641.57","6,641.57","6,581.15","417.64M","-0.64"
"Oct 20, 2017","6,629.05","6,633.37","6,640.02","6,622.92","457.36M","0.36"
"Oct 19, 2017","6,605.07","6,583.70","6,605.29","6,558.53","424.74M","-0.29"
"Oct 18, 2017","6,624.22","6,634.26","6,635.52","6,613.55","390.34M","0.01"
"Oct 17, 2017","6,623.66","6,621.42","6,628.60","6,613.21","375.08M","-0.01"
"Oct 16, 2017","6,624.01","6,622.55","6,632.50","6,607.03","373.94M","0.28"
"Oct 13, 2017","6,605.80","6,613.21","6,616.58","6,602.20","417.54M","0.22"
"Oct 12, 2017","6,591.51","6,594.76","6,613.50","6,586.32","476.36M","-0.18"
"Oct 11, 2017","6,603.55","6,586.73","6,604.21","6,577.98","429.37M","0.25"
"Oct 10, 2017","6,587.25","6,602.49","6,608.30","6,561.78","401.70M","0.11"
"Oct 09, 2017","6,579.73","6,597.37","6,599.34","6,572.44","359.14M","-0.16"
"Oct 06, 2017","6,590.18","6,566.95","6,590.18","6,566.84","410.59M","0.07"
"Oct 05, 2017","6,585.36","6,552.87","6,587.21","6,547.65","422.21M","0.78"
"Oct 04, 2017","6,534.63","6,521.96","6,546.46","6,513.12","434.61M","0.04"
"Oct 03, 2017","6,531.71","6,523.74","6,532.18","6,509.71","438.92M","0.23"
"Oct 02, 2017","6,516.72","6,506.08","6,527.22","6,484.14","448.11M","0.32"
"Sep 29, 2017","6,495.96","6,461.28","6,497.98","6,454.86","492.43M","0.66"
"Sep 28, 2017","6,453.45","6,437.96","6,456.23","6,427.66","428.05M","0.00"
"Sep 27, 2017","6,453.26","6,414.37","6,472.65","6,405.35","470.98M","1.15"
"Sep 26, 2017","6,380.16","6,391.85","6,405.01","6,364.57","439.70M","0.15"
"Sep 25, 2017","6,370.59","6,403.11","6,408.06","6,343.96","486.99M","-0.88"
"Sep 22, 2017","6,426.92","6,401.44","6,429.54","6,400.81","388.10M","0.07"
"Sep 21, 2017","6,422.69","6,448.57","6,448.57","6,405.30","400.64M","-0.52"
"Sep 20, 2017","6,456.04","6,459.74","6,466.05","6,414.23","470.40M","-0.08"
"Sep 19, 2017","6,461.32","6,465.57","6,467.79","6,446.75","430.73M","0.10"
"Sep 18, 2017","6,454.64","6,460.10","6,477.77","6,438.41","445.50M","0.10"
"Sep 15, 2017","6,448.47","6,426.16","6,464.27","6,419.65","1.19B","0.30"
"Sep 14, 2017","6,429.08","6,439.46","6,455.32","6,424.04","430.37M","-0.48"
"Sep 13, 2017","6,460.19","6,440.72","6,460.42","6,433.20","447.20M","0.09"
"Sep 12, 2017","6,454.28","6,448.81","6,455.02","6,429.54","404.69M","0.34"
"Sep 11, 2017","6,432.26","6,411.18","6,439.11","6,410.71","431.57M","1.13"
"Sep 08, 2017","6,360.19","6,389.65","6,391.41","6,354.96","408.11M","-0.59"
"Sep 07, 2017","6,397.87","6,402.94","6,413.07","6,379.81","433.05M","0.07"
"Sep 06, 2017","6,393.31","6,394.35","6,407.40","6,356.20","419.28M","0.28"
"Sep 05, 2017","6,375.57","6,414.82","6,426.51","6,334.59","438.96M","-0.93"
"Sep 01, 2017","6,435.33","6,442.17","6,449.65","6,417.87","347.64M","0.10"
"Aug 31, 2017","6,428.66","6,385.80","6,435.27","6,383.58","478.19M","0.95"
"Aug 30, 2017","6,368.31","6,308.68","6,374.48","6,303.57","384.51M","1.05"
"Aug 29, 2017","6,301.89","6,228.90","6,311.26","6,228.73","379.62M","0.30"
"Aug 28, 2017","6,283.02","6,286.01","6,292.26","6,267.85","384.99M","0.28"
"Aug 25, 2017","6,265.64","6,293.81","6,308.72","6,257.10","343.10M","-0.09"
"Aug 24, 2017","6,271.33","6,294.82","6,302.85","6,244.57","369.11M","-0.11"
"Aug 23, 2017","6,278.41","6,263.47","6,291.30","6,263.28","349.56M","-0.30"
"Aug 22, 2017","6,297.48","6,241.21","6,302.84","6,241.21","363.16M","1.36"
"Aug 21, 2017","6,213.13","6,216.32","6,226.93","6,177.19","375.22M","-0.05"
"Aug 18, 2017","6,216.53","6,222.46","6,254.22","6,193.38","469.44M","-0.09"
"Aug 17, 2017","6,221.91","6,322.72","6,334.23","6,221.91","435.27M","-1.94"
"Aug 16, 2017","6,345.11","6,348.11","6,374.56","6,330.27","396.20M","0.19"
"Aug 15, 2017","6,333.01","6,350.51","6,350.74","6,324.75","368.07M","-0.11"
"Aug 14, 2017","6,340.23","6,306.11","6,346.82","6,305.55","410.78M","1.34"
"Aug 11, 2017","6,256.56","6,222.18","6,266.89","6,216.19","418.07M","0.64"
"Aug 10, 2017","6,216.87","6,312.65","6,318.28","6,214.41","495.54M","-2.13"
"Aug 09, 2017","6,352.33","6,322.92","6,355.04","6,309.44","469.74M","-0.28"
"Aug 08, 2017","6,370.46","6,373.33","6,423.35","6,355.88","445.32M","-0.21"
"Aug 07, 2017","6,383.77","6,361.06","6,386.03","6,356.23","408.69M","0.51"
"Aug 04, 2017","6,351.56","6,350.79","6,361.49","6,329.73","443.76M","0.18"
"Aug 03, 2017","6,340.34","6,366.24","6,368.53","6,331.14","476.05M","-0.35"
"Aug 02, 2017","6,362.65","6,393.10","6,394.21","6,313.43","490.37M","-0.00"
"Aug 01, 2017","6,362.94","6,372.16","6,375.75","6,345.75","426.55M","0.23"
"Jul 31, 2017","6,348.12","6,394.69","6,396.59","6,338.78","485.92M","-0.42"
"Jul 28, 2017","6,374.68","6,350.27","6,379.70","6,337.23","436.77M","-0.12"
"Jul 27, 2017","6,382.19","6,459.76","6,460.84","6,318.62","564.93M","-0.63"
"Jul 26, 2017","6,422.75","6,425.93","6,432.38","6,416.30","433.53M","0.16"
"Jul 25, 2017","6,412.17","6,407.59","6,425.45","6,396.87","479.54M","0.02"
"Jul 24, 2017","6,410.81","6,387.82","6,417.70","6,380.61","418.95M","0.36"
"Jul 21, 2017","6,387.75","6,383.05","6,388.78","6,365.11","468.14M","-0.04"
"Jul 20, 2017","6,390.00","6,396.46","6,398.26","6,365.68","414.71M","0.08"
"Jul 19, 2017","6,385.04","6,363.24","6,387.73","6,362.19","423.94M","0.64"
"Jul 18, 2017","6,344.31","6,304.82","6,344.55","6,291.07","388.97M","0.47"
"Jul 17, 2017","6,314.43","6,320.35","6,330.97","6,307.34","367.32M","0.03"
"Jul 14, 2017","6,312.47","6,289.08","6,321.76","6,278.70","364.80M","0.61"
"Jul 13, 2017","6,274.44","6,269.10","6,281.45","6,251.26","423.33M","0.21"
"Jul 12, 2017","6,261.17","6,238.90","6,265.64","6,236.82","424.25M","1.10"
"Jul 11, 2017","6,193.31","6,171.25","6,200.58","6,149.87","426.66M","0.27"
"Jul 10, 2017","6,176.39","6,156.03","6,191.27","6,141.83","409.75M","0.38"
"Jul 07, 2017","6,153.08","6,111.21","6,164.94","6,111.21","397.25M","1.04"
"Jul 06, 2017","6,089.46","6,109.60","6,127.98","6,081.96","514.78M","-1.00"
"Jul 05, 2017","6,150.85","6,122.06","6,163.62","6,100.42","462.92M","0.67"
"Jul 03, 2017","6,110.06","6,173.29","6,177.36","6,106.12","272.19M","-0.49"
"Jun 30, 2017","6,140.42","6,166.84","6,170.63","6,129.04","501.47M","-0.06"
"Jun 29, 2017","6,144.35","6,215.49","6,216.60","6,087.81","528.05M","-1.44"
"Jun 28, 2017","6,234.41","6,173.10","6,238.29","6,144.80","461.44M","1.43"
"Jun 27, 2017","6,146.62","6,227.90","6,234.32","6,146.62","490.36M","-1.61"
"Jun 26, 2017","6,247.15","6,292.73","6,303.44","6,233.43","455.73M","-0.29"
"Jun 23, 2017","6,265.25","6,234.35","6,269.37","6,218.78","1.46B","0.46"
"Jun 22, 2017","6,236.69","6,239.15","6,257.68","6,221.96","471.36M","0.04"
"Jun 21, 2017","6,233.95","6,202.75","6,236.66","6,200.86","491.84M","0.74"
"Jun 20, 2017","6,188.03","6,229.62","6,234.01","6,186.94","488.69M","-0.82"
"Jun 19, 2017","6,239.01","6,196.85","6,243.31","6,194.00","447.66M","1.42"
"Jun 16, 2017","6,151.76","6,154.28","6,161.56","6,125.50","1.31B","-0.22"
"Jun 15, 2017","6,165.50","6,127.05","6,170.15","6,107.85","436.59M","-0.47"
"Jun 14, 2017","6,194.89","6,237.46","6,237.53","6,153.55","457.03M","-0.41"
"Jun 13, 2017","6,220.37","6,206.11","6,226.41","6,180.04","525.01M","0.73"
"Jun 12, 2017","6,175.47","6,153.56","6,183.81","6,110.66","604.27M","-0.52"
"Jun 09, 2017","6,207.92","6,330.25","6,341.70","6,137.68","670.48M","-1.80"
"Jun 08, 2017","6,321.76","6,311.73","6,324.06","6,282.93","484.13M","0.39"
"Jun 07, 2017","6,297.38","6,290.44","6,302.78","6,267.18","432.54M","0.36"
"Jun 06, 2017","6,275.06","6,281.88","6,304.21","6,269.86","430.50M","-0.33"
"Jun 05, 2017","6,295.68","6,305.47","6,310.61","6,292.15","398.25M","-0.16"
"Jun 02, 2017","6,305.80","6,261.59","6,308.76","6,253.77","454.57M","0.94"
"Jun 01, 2017","6,246.83","6,215.91","6,247.07","6,200.45","502.29M","0.78"
"May 31, 2017","6,198.52","6,221.62","6,221.99","6,164.07","697.15M","-0.08"
"May 30, 2017","6,203.19","6,204.18","6,217.13","6,200.41","402.25M","-0.11"
"May 26, 2017","6,210.19","6,207.04","6,211.52","6,196.66","373.96M","0.08"
"May 25, 2017","6,205.26","6,183.02","6,217.34","6,174.52","417.08M","0.69"
"May 24, 2017","6,163.02","6,154.18","6,166.09","6,139.33","400.25M","0.40"
"May 23, 2017","6,138.71","6,149.55","6,150.91","6,121.79","407.73M","0.08"
"May 22, 2017","6,133.62","6,098.25","6,135.92","6,097.24","421.95M","0.82"
"May 19, 2017","6,083.70","6,070.23","6,106.55","6,070.23","517.15M","0.47"
"May 18, 2017","6,055.13","5,998.46","6,073.45","5,996.81","511.17M","0.73"
"May 17, 2017","6,011.24","6,108.62","6,122.87","6,009.48","565.78M","-2.57"
"May 16, 2017","6,169.87","6,160.52","6,170.16","6,139.10","460.05M","0.33"
"May 15, 2017","6,149.67","6,128.11","6,153.04","6,124.79","452.00M","0.46"
"May 12, 2017","6,121.23","6,119.27","6,122.84","6,105.42","412.46M","0.09"
"May 11, 2017","6,115.96","6,110.05","6,120.20","6,075.68","452.52M","-0.22"
"May 10, 2017","6,129.14","6,121.64","6,131.64","6,103.87","482.51M","0.14"
"May 09, 2017","6,120.59","6,111.82","6,133.00","6,107.59","466.70M","0.29"
"May 08, 2017","6,102.66","6,100.66","6,106.12","6,083.06","459.30M","0.03"
"May 05, 2017","6,100.76","6,091.69","6,100.76","6,067.15","443.62M","0.42"
"May 04, 2017","6,075.34","6,075.06","6,080.82","6,054.32","481.85M","0.05"
"May 03, 2017","6,072.55","6,075.04","6,076.96","6,053.28","498.86M","-0.37"
"May 02, 2017","6,095.37","6,102.51","6,102.72","6,081.56","498.62M","0.06"
"May 01, 2017","6,091.60","6,067.56","6,100.73","6,061.35","416.34M","0.73"
"Apr 28, 2017","6,047.61","6,072.87","6,074.04","6,040.71","523.42M","-0.02"
"Apr 27, 2017","6,048.94","6,038.47","6,050.70","6,031.59","461.83M","0.39"
"Apr 26, 2017","6,025.23","6,028.12","6,040.89","6,021.72","454.58M","-0.00"
"Apr 25, 2017","6,025.49","6,004.16","6,036.02","6,002.65","441.93M","0.70"
"Apr 24, 2017","5,983.82","5,979.96","5,989.92","5,970.25","446.56M","1.24"
"Apr 21, 2017","5,910.52","5,919.02","5,919.23","5,899.43","454.58M","-0.11"
"Apr 20, 2017","5,916.78","5,887.87","5,926.23","5,880.19","417.89M","0.92"
"Apr 19, 2017","5,863.03","5,874.43","5,894.68","5,856.34","415.53M","0.23"
"Apr 18, 2017","5,849.47","5,838.59","5,860.04","5,828.57","391.18M","-0.12"
"Apr 17, 2017","5,856.79","5,821.55","5,856.79","5,818.20","346.62M","0.89"
"Apr 13, 2017","5,805.15","5,828.37","5,856.54","5,805.15","384.04M","-0.53"
"Apr 12, 2017","5,836.16","5,863.59","5,868.09","5,830.44","408.74M","-0.52"
"Apr 11, 2017","5,866.77","5,871.16","5,878.94","5,819.29","449.36M","-0.24"
"Apr 10, 2017","5,880.93","5,883.43","5,907.85","5,865.56","389.31M","0.05"
"Apr 07, 2017","5,877.81","5,873.94","5,892.07","5,855.51","414.27M","-0.02"
"Apr 06, 2017","5,878.95","5,870.52","5,889.58","5,856.22","448.41M","0.25"
"Apr 05, 2017","5,864.48","5,911.92","5,936.39","5,856.26","555.35M","-0.58"
"Apr 04, 2017","5,898.61","5,878.76","5,901.39","5,878.76","445.39M","0.07"
"Apr 03, 2017","5,894.68","5,917.31","5,928.93","5,867.73","453.50M","-0.29"
"Mar 31, 2017","5,911.74","5,905.63","5,927.81","5,901.77","529.14M","-0.04"
"Mar 30, 2017","5,914.34","5,896.15","5,916.77","5,894.00","396.49M","0.28"
"Mar 29, 2017","5,897.55","5,875.35","5,900.87","5,870.93","397.14M","0.38"
"Mar 28, 2017","5,875.14","5,836.50","5,888.70","5,828.86","437.23M","0.60"
"Mar 27, 2017","5,840.37","5,776.33","5,849.20","5,769.39","410.07M","0.20"
"Mar 24, 2017","5,828.74","5,839.33","5,858.95","5,807.83","456.99M","0.19"
"Mar 23, 2017","5,817.69","5,812.31","5,842.82","5,806.98","414.69M","-0.07"
"Mar 22, 2017","5,821.64","5,790.59","5,825.67","5,781.81","442.89M","0.48"
"Mar 21, 2017","5,793.82","5,923.43","5,928.06","5,790.73","528.08M","-1.83"
"Mar 20, 2017","5,901.53","5,898.81","5,915.12","5,888.12","407.11M","0.01"
"Mar 17, 2017","5,901.00","5,898.58","5,912.61","5,890.42","1.35B","0.00"
"Mar 16, 2017","5,900.76","5,907.86","5,911.48","5,887.24","412.39M","0.01"
"Mar 15, 2017","5,900.05","5,869.97","5,911.20","5,858.16","468.32M","0.74"
"Mar 14, 2017","5,856.82","5,860.07","5,860.50","5,831.88","390.46M","-0.32"
"Mar 13, 2017","5,875.78","5,863.48","5,877.43","5,860.83","405.74M","0.24"
"Mar 10, 2017","5,861.73","5,867.16","5,872.60","5,835.44","476.86M","0.39"
"Mar 09, 2017","5,838.81","5,834.67","5,852.54","5,812.08","423.01M","0.02"
"Mar 08, 2017","5,837.55","5,838.44","5,860.63","5,832.63","422.94M","0.06"
"Mar 07, 2017","5,833.93","5,836.12","5,859.77","5,826.32","418.89M","-0.26"
"Mar 06, 2017","5,849.18","5,846.42","5,857.74","5,827.46","412.85M","-0.37"
"Mar 03, 2017","5,870.75","5,854.27","5,870.75","5,841.47","424.84M","0.16"
"Mar 02, 2017","5,861.22","5,897.01","5,897.01","5,856.30","454.31M","-0.73"
"Mar 01, 2017","5,904.03","5,874.86","5,911.79","5,865.79","522.79M","1.35"
"Feb 28, 2017","5,825.44","5,852.79","5,855.06","5,817.22","620.83M","-0.62"
"Feb 27, 2017","5,861.90","5,835.04","5,861.90","5,827.00","447.06M","0.28"
"Feb 24, 2017","5,845.31","5,802.33","5,845.31","5,800.55","419.25M","0.17"
"Feb 23, 2017","5,835.51","5,866.82","5,866.96","5,809.55","444.62M","-0.43"
"Feb 22, 2017","5,860.63","5,857.56","5,864.41","5,848.28","422.84M","-0.09"
"Feb 21, 2017","5,865.95","5,850.20","5,867.89","5,847.50","453.57M","0.47"
"Feb 17, 2017","5,838.58","5,807.31","5,838.58","5,800.80","500.75M","0.41"
"Feb 16, 2017","5,814.90","5,823.01","5,835.15","5,796.71","441.52M","-0.08"
"Feb 15, 2017","5,819.44","5,777.90","5,821.95","5,776.70","450.50M","0.64"
"Feb 14, 2017","5,782.57","5,756.51","5,783.09","5,748.74","431.56M","0.32"
"Feb 13, 2017","5,763.96","5,753.19","5,770.99","5,751.92","404.16M","0.52"
"Feb 10, 2017","5,734.13","5,726.18","5,743.43","5,717.42","421.00M","0.33"
"Feb 09, 2017","5,715.18","5,688.02","5,722.71","5,685.15","439.63M","0.58"
"Feb 08, 2017","5,682.45","5,662.95","5,686.96","5,649.39","444.98M","0.15"
"Feb 07, 2017","5,674.22","5,674.86","5,689.60","5,664.82","440.96M","0.19"
"Feb 06, 2017","5,663.55","5,656.95","5,668.20","5,650.26","397.57M","-0.06"
"Feb 03, 2017","5,666.77","5,650.73","5,666.84","5,647.58","411.17M","0.54"
"Feb 02, 2017","5,636.20","5,627.15","5,656.01","5,616.40","471.57M","-0.11"
"Feb 01, 2017","5,642.65","5,654.51","5,662.11","5,621.03","499.98M","0.50"
"Jan 31, 2017","5,614.79","5,592.87","5,615.15","5,576.09","506.36M","0.02"
"Jan 30, 2017","5,613.71","5,635.86","5,636.09","5,578.76","417.27M","-0.83"
"Jan 27, 2017","5,660.78","5,664.88","5,667.45","5,643.90","386.97M","0.10"
"Jan 26, 2017","5,655.18","5,666.28","5,669.61","5,647.65","426.44M","-0.02"
"Jan 25, 2017","5,656.34","5,635.86","5,658.59","5,634.33","435.79M","0.99"
"Jan 24, 2017","5,600.96","5,568.27","5,606.53","5,558.49","409.12M","0.86"
"Jan 23, 2017","5,552.94","5,546.64","5,564.14","5,522.69","389.91M","-0.04"
"Jan 20, 2017","5,555.33","5,556.87","5,574.35","5,542.23","444.46M","0.28"
"Jan 19, 2017","5,540.08","5,560.61","5,571.53","5,528.37","398.66M","-0.28"
"Jan 18, 2017","5,555.65","5,546.94","5,555.98","5,534.77","380.31M","0.31"
"Jan 17, 2017","5,538.73","5,555.16","5,557.05","5,527.22","415.58M","-0.63"
"Jan 13, 2017","5,574.12","5,557.57","5,584.26","5,557.20","357.66M","0.48"
"Jan 12, 2017","5,547.49","5,542.56","5,550.67","5,496.82","394.73M","-0.29"
"Jan 11, 2017","5,563.65","5,550.72","5,564.08","5,524.03","435.71M","0.21"
"Jan 10, 2017","5,551.82","5,536.54","5,564.25","5,528.11","431.57M","0.36"
"Jan 09, 2017","5,531.82","5,527.57","5,541.08","5,517.14","433.10M","0.19"
"Jan 06, 2017","5,521.06","5,499.08","5,536.52","5,482.81","382.85M","0.60"
"Jan 05, 2017","5,487.94","5,474.39","5,495.85","5,464.36","423.64M","0.20"
"Jan 04, 2017","5,477.01","5,440.91","5,482.35","5,440.24","455.34M","0.88"
"Jan 03, 2017","5,429.08","5,425.62","5,452.56","5,397.99","450.68M","0.85"
"Dec 30, 2016","5,383.12","5,440.17","5,441.90","5,371.89","395.59M","-0.90"
"Dec 29, 2016","5,432.09","5,437.51","5,450.63","5,415.18","289.60M","-0.12"
"Dec 28, 2016","5,438.56","5,497.44","5,498.91","5,434.70","294.74M","-0.89"
"Dec 27, 2016","5,487.44","5,470.76","5,512.37","5,469.61","269.42M","0.45"
"Dec 23, 2016","5,462.69","5,441.76","5,462.69","5,441.76","264.11M","0.28"
"Dec 22, 2016","5,447.42","5,472.01","5,472.01","5,432.77","362.87M","-0.44"
"Dec 21, 2016","5,471.43","5,482.63","5,486.26","5,465.31","336.01M","-0.23"
"Dec 20, 2016","5,483.94","5,473.53","5,489.47","5,471.71","395.33M","0.49"
"Dec 19, 2016","5,457.44","5,441.20","5,483.42","5,436.54","402.71M","0.37"
"Dec 16, 2016","5,437.16","5,467.82","5,474.58","5,426.01","1.19B","-0.36"
"Dec 15, 2016","5,456.85","5,443.51","5,485.12","5,439.39","486.60M","0.37"
"Dec 14, 2016","5,436.67","5,465.69","5,476.25","5,425.73","462.23M","-0.50"
"Dec 13, 2016","5,463.83","5,433.57","5,486.75","5,430.72","470.73M","0.95"
"Dec 12, 2016","5,412.54","5,428.22","5,434.90","5,394.42","450.45M","-0.59"
"Dec 09, 2016","5,444.50","5,436.11","5,450.16","5,427.12","436.08M","0.50"
"Dec 08, 2016","5,417.36","5,394.15","5,425.52","5,389.10","494.46M","0.44"
"Dec 07, 2016","5,393.76","5,322.67","5,397.93","5,307.31","484.56M","1.14"
"Dec 06, 2016","5,333.00","5,317.74","5,333.99","5,299.94","438.30M","0.45"
"Dec 05, 2016","5,308.89","5,283.58","5,321.09","5,269.57","435.66M","1.01"
"Dec 02, 2016","5,255.65","5,249.02","5,274.54","5,239.27","431.83M","0.09"
"Dec 01, 2016","5,251.11","5,323.88","5,326.34","5,238.21","526.21M","-1.36"
"Nov 30, 2016","5,323.68","5,391.35","5,393.15","5,323.68","580.79M","-1.05"
"Nov 29, 2016","5,379.92","5,370.98","5,403.86","5,360.56","440.16M","0.21"
"Nov 28, 2016","5,368.81","5,387.92","5,396.27","5,364.91","390.77M","-0.56"
"Nov 25, 2016","5,398.92","5,388.49","5,398.92","5,379.28","197.46M","0.34"
"Nov 23, 2016","5,380.68","5,366.55","5,380.68","5,350.68","385.75M","-0.11"
"Nov 22, 2016","5,386.35","5,384.75","5,392.26","5,365.60","433.19M","0.33"
"Nov 21, 2016","5,368.86","5,336.78","5,369.83","5,334.16","411.24M","0.89"
"Nov 18, 2016","5,321.51","5,340.97","5,346.80","5,315.53","480.19M","-0.23"
"Nov 17, 2016","5,333.97","5,295.07","5,334.05","5,288.16","463.15M","0.74"
"Nov 16, 2016","5,294.58","5,253.73","5,299.63","5,251.88","462.54M","0.36"
"Nov 15, 2016","5,275.62","5,241.35","5,287.06","5,236.25","493.91M","1.10"
"Nov 14, 2016","5,218.40","5,246.33","5,247.17","5,192.05","537.26M","-0.36"
"Nov 11, 2016","5,237.11","5,191.82","5,241.08","5,179.64","561.97M","0.54"
"Nov 10, 2016","5,208.80","5,283.48","5,302.68","5,145.32","695.55M","-0.80"
"Nov 09, 2016","5,251.07","5,143.86","5,258.99","5,143.86","673.59M","1.11"
"Nov 08, 2016","5,193.49","5,154.99","5,214.17","5,145.30","395.69M","0.53"
"Nov 07, 2016","5,166.17","5,128.99","5,169.41","5,122.77","456.10M","2.37"
"Nov 04, 2016","5,046.37","5,034.41","5,087.51","5,034.41","478.36M","-0.24"
"Nov 03, 2016","5,058.41","5,104.70","5,115.06","5,053.52","471.92M","-0.92"
"Nov 02, 2016","5,105.57","5,147.27","5,156.70","5,097.56","469.03M","-0.93"
"Nov 01, 2016","5,153.58","5,199.77","5,201.13","5,112.32","430.72M","-0.69"
"Oct 31, 2016","5,189.14","5,205.09","5,206.70","5,186.56","434.89M","-0.02"
"Oct 28, 2016","5,190.10","5,203.70","5,232.35","5,178.76","426.51M","-0.50"
"Oct 27, 2016","5,215.97","5,272.19","5,274.12","5,211.75","434.94M","-0.65"
"Oct 26, 2016","5,250.27","5,256.40","5,280.85","5,237.05","374.48M","-0.63"
"Oct 25, 2016","5,283.40","5,306.47","5,310.27","5,278.57","348.72M","-0.50"
"Oct 24, 2016","5,309.83","5,290.31","5,311.50","5,289.23","349.69M","1.00"
"Oct 21, 2016","5,257.40","5,238.65","5,259.12","5,225.76","396.38M","0.30"
"Oct 20, 2016","5,241.83","5,238.20","5,252.10","5,216.05","383.97M","-0.09"
"Oct 19, 2016","5,246.41","5,240.33","5,253.83","5,234.25","344.43M","0.05"
"Oct 18, 2016","5,243.84","5,255.32","5,264.27","5,239.44","325.86M","0.85"
"Oct 17, 2016","5,199.82","5,213.69","5,219.98","5,196.03","326.32M","-0.28"
"Oct 14, 2016","5,214.16","5,241.26","5,258.88","5,213.37","361.33M","0.02"
"Oct 13, 2016","5,213.33","5,200.30","5,228.26","5,169.76","385.74M","-0.49"
"Oct 12, 2016","5,239.02","5,247.91","5,257.18","5,228.77","340.52M","-0.15"
"Oct 11, 2016","5,246.79","5,321.82","5,321.82","5,227.43","416.77M","-1.54"
"Oct 10, 2016","5,328.67","5,318.46","5,340.52","5,317.73","321.13M","0.69"
"Oct 07, 2016","5,292.40","5,314.92","5,315.65","5,266.80","407.15M","-0.27"
"Oct 06, 2016","5,306.85","5,306.59","5,315.73","5,281.47","402.08M","-0.17"
"Oct 05, 2016","5,316.02","5,305.28","5,330.81","5,304.06","422.05M","0.50"
"Oct 04, 2016","5,289.66","5,313.49","5,323.60","5,271.70","392.87M","-0.21"
"Oct 03, 2016","5,300.87","5,300.29","5,308.60","5,281.95","370.99M","-0.21"
"Sep 30, 2016","5,312.00","5,288.87","5,325.88","5,277.88","555.18M","0.81"
"Sep 29, 2016","5,269.15","5,311.31","5,317.00","5,254.52","437.78M","-0.93"
"Sep 28, 2016","5,318.55","5,312.73","5,320.62","5,284.84","398.16M","0.24"
"Sep 27, 2016","5,305.71","5,254.18","5,306.81","5,251.32","392.69M","0.92"
"Sep 26, 2016","5,257.49","5,275.73","5,282.27","5,254.96","376.06M","-0.91"
"Sep 23, 2016","5,305.75","5,327.43","5,329.71","5,301.63","406.33M","-0.63"
"Sep 22, 2016","5,339.52","5,323.26","5,342.88","5,320.93","415.83M","0.84"
"Sep 21, 2016","5,295.18","5,263.65","5,299.40","5,233.94","446.65M","1.03"
"Sep 20, 2016","5,241.35","5,256.19","5,265.18","5,235.42","379.36M","0.12"
"Sep 19, 2016","5,235.03","5,263.55","5,281.07","5,222.91","400.16M","-0.18"
"Sep 16, 2016","5,244.57","5,238.71","5,248.60","5,218.97","1.11B","-0.10"
"Sep 15, 2016","5,249.69","5,178.10","5,254.78","5,176.25","437.68M","1.47"
"Sep 14, 2016","5,173.77","5,160.21","5,201.34","5,159.55","421.65M","0.36"
"Sep 13, 2016","5,155.26","5,181.14","5,195.02","5,131.27","456.69M","-1.09"
"Sep 12, 2016","5,211.89","5,098.03","5,217.88","5,097.80","464.62M","1.68"
"Sep 09, 2016","5,125.91","5,217.95","5,225.94","5,125.91","508.59M","-2.54"
"Sep 08, 2016","5,259.48","5,269.96","5,271.01","5,248.41","412.37M","-0.46"
"Sep 07, 2016","5,283.93","5,274.23","5,287.61","5,261.92","459.36M","0.15"
"Sep 06, 2016","5,275.91","5,259.99","5,275.91","5,244.00","421.08M","0.50"
"Sep 02, 2016","5,249.90","5,249.66","5,263.39","5,231.02","351.35M","0.43"
"Sep 01, 2016","5,227.21","5,218.28","5,229.94","5,189.36","376.35M","0.27"
"Aug 31, 2016","5,213.22","5,216.42","5,219.89","5,191.18","486.24M","-0.19"
"Aug 30, 2016","5,222.99","5,229.88","5,241.62","5,205.61","374.16M","-0.18"
"Aug 29, 2016","5,232.33","5,223.80","5,245.12","5,222.34","324.63M","0.26"
"Aug 26, 2016","5,218.92","5,219.05","5,253.39","5,191.86","361.69M","0.13"
"Aug 25, 2016","5,212.20","5,207.61","5,230.59","5,201.64","338.21M","-0.11"
"Aug 24, 2016","5,217.69","5,254.42","5,262.99","5,205.64","380.49M","-0.81"
"Aug 23, 2016","5,260.08","5,265.78","5,275.74","5,257.90","350.84M","0.30"
"Aug 22, 2016","5,244.60","5,231.46","5,252.13","5,224.63","347.30M","0.12"
"Aug 19, 2016","5,238.38","5,229.87","5,245.81","5,217.65","408.44M","-0.03"
"Aug 18, 2016","5,240.15","5,226.45","5,243.17","5,221.84","377.74M","0.22"
"Aug 17, 2016","5,228.66","5,228.44","5,230.09","5,197.23","361.66M","0.03"
"Aug 16, 2016","5,227.11","5,247.96","5,248.26","5,226.78","385.30M","-0.66"
"Aug 15, 2016","5,262.02","5,242.18","5,271.36","5,241.14","350.65M","0.56"
"Aug 12, 2016","5,232.90","5,219.66","5,233.34","5,215.55","338.98M","0.09"
"Aug 11, 2016","5,228.40","5,222.15","5,235.29","5,211.25","344.26M","0.46"
"Aug 10, 2016","5,204.59","5,227.95","5,227.96","5,193.80","380.41M","-0.40"
"Aug 09, 2016","5,225.48","5,216.21","5,238.54","5,214.95","358.07M","0.24"
"Aug 08, 2016","5,213.14","5,223.54","5,228.40","5,202.18","370.90M","-0.15"
"Aug 05, 2016","5,221.12","5,190.71","5,227.23","5,186.24","439.90M","1.06"
"Aug 04, 2016","5,166.25","5,158.02","5,174.00","5,145.39","398.61M","0.13"
"Aug 03, 2016","5,159.74","5,133.24","5,159.74","5,128.44","415.75M","0.43"
"Aug 02, 2016","5,137.73","5,177.53","5,181.02","5,109.80","470.89M","-0.90"
"Aug 01, 2016","5,184.20","5,167.42","5,199.13","5,158.93","420.98M","0.43"
"Jul 29, 2016","5,162.13","5,162.15","5,175.81","5,140.05","571.66M","0.14"
"Jul 28, 2016","5,154.98","5,144.82","5,160.16","5,130.75","424.08M","0.30"
"Jul 27, 2016","5,139.81","5,143.84","5,151.06","5,120.66","470.66M","0.58"
"Jul 26, 2016","5,110.05","5,095.61","5,122.30","5,084.18","428.74M","0.24"
"Jul 25, 2016","5,097.63","5,096.99","5,100.72","5,082.66","371.48M","-0.05"
"Jul 22, 2016","5,100.16","5,078.12","5,103.52","5,064.11","357.67M","0.52"
"Jul 21, 2016","5,073.90","5,093.97","5,102.78","5,061.11","384.26M","-0.31"
"Jul 20, 2016","5,089.93","5,061.60","5,098.25","5,053.92","375.16M","1.06"
"Jul 19, 2016","5,036.37","5,038.22","5,052.24","5,028.24","362.67M","-0.38"
"Jul 18, 2016","5,055.78","5,034.99","5,063.53","5,030.13","332.33M","0.52"
"Jul 15, 2016","5,029.59","5,041.19","5,044.81","5,018.52","395.58M","-0.09"
"Jul 14, 2016","5,034.06","5,041.95","5,045.18","5,025.15","348.81M","0.57"
"Jul 13, 2016","5,005.73","5,036.32","5,036.39","5,002.82","373.97M","-0.34"
"Jul 12, 2016","5,022.82","5,017.99","5,032.10","5,009.68","417.28M","0.69"
"Jul 11, 2016","4,988.64","4,976.54","5,002.50","4,976.54","386.48M","0.64"
"Jul 08, 2016","4,956.76","4,906.66","4,959.00","4,901.27","433.26M","1.64"
"Jul 07, 2016","4,876.81","4,867.47","4,889.01","4,853.68","352.30M","0.36"
"Jul 06, 2016","4,859.16","4,799.32","4,861.05","4,786.01","436.56M","0.75"
"Jul 05, 2016","4,822.90","4,837.06","4,839.13","4,797.29","406.89M","-0.82"
"Jul 01, 2016","4,862.57","4,837.18","4,880.17","4,837.17","380.07M","0.41"
"Jun 30, 2016","4,842.67","4,793.75","4,843.11","4,774.52","574.07M","1.33"
"Jun 29, 2016","4,779.24","4,732.93","4,787.59","4,732.34","466.31M","1.86"
"Jun 28, 2016","4,691.87","4,643.93","4,692.98","4,643.93","470.19M","2.12"
"Jun 27, 2016","4,594.44","4,664.43","4,665.04","4,574.25","619.73M","-2.41"
"Jun 24, 2016","4,707.98","4,715.80","4,798.22","4,698.42","1.52B","-4.12"
"Jun 23, 2016","4,910.04","4,872.19","4,910.04","4,859.40","398.65M","1.59"
"Jun 22, 2016","4,833.32","4,846.68","4,875.93","4,830.00","376.04M","-0.22"
"Jun 21, 2016","4,843.76","4,845.09","4,852.19","4,826.59","391.14M","0.14"
"Jun 20, 2016","4,837.21","4,856.69","4,882.15","4,834.51","412.67M","0.77"
"Jun 17, 2016","4,800.34","4,835.02","4,835.02","4,792.34","1.01B","-0.92"
"Jun 16, 2016","4,844.91","4,809.69","4,847.86","4,778.78","389.89M","0.21"
"Jun 15, 2016","4,834.93","4,855.08","4,868.16","4,830.33","402.22M","-0.18"
"Jun 14, 2016","4,843.55","4,836.67","4,863.01","4,811.93","401.84M","-0.10"
"Jun 13, 2016","4,848.44","4,868.51","4,894.85","4,844.94","420.34M","-0.94"
"Jun 10, 2016","4,894.55","4,915.15","4,917.92","4,880.61","402.18M","-1.29"
"Jun 09, 2016","4,958.62","4,954.15","4,965.49","4,940.55","361.93M","-0.32"
"Jun 08, 2016","4,974.64","4,970.01","4,979.66","4,956.79","367.54M","0.26"
"Jun 07, 2016","4,961.75","4,972.14","4,979.38","4,960.28","391.05M","-0.14"
"Jun 06, 2016","4,968.71","4,950.46","4,980.14","4,944.87","385.15M","0.53"
"Jun 03, 2016","4,942.52","4,958.10","4,958.65","4,909.21","382.23M","-0.58"
"Jun 02, 2016","4,971.36","4,941.25","4,971.36","4,924.23","386.10M","0.39"
"Jun 01, 2016","4,952.25","4,928.97","4,958.98","4,923.20","423.30M","0.08"
"May 31, 2016","4,948.06","4,938.48","4,951.45","4,923.03","711.67M","0.29"
"May 27, 2016","4,933.51","4,904.05","4,933.51","4,902.50","363.02M","0.65"
"May 26, 2016","4,901.77","4,897.78","4,909.38","4,887.27","354.80M","0.14"
"May 25, 2016","4,894.89","4,877.18","4,905.45","4,872.42","397.17M","0.70"
"May 24, 2016","4,861.06","4,792.85","4,865.99","4,792.63","433.12M","2.00"
"May 23, 2016","4,765.78","4,771.57","4,792.64","4,763.91","410.29M","-0.08"
"May 20, 2016","4,769.56","4,729.44","4,781.70","4,729.00","484.07M","1.21"
"May 19, 2016","4,712.53","4,717.36","4,735.27","4,678.38","405.76M","-0.56"
"May 18, 2016","4,739.12","4,705.78","4,762.28","4,704.49","445.26M","0.50"
"May 17, 2016","4,715.73","4,768.85","4,776.15","4,703.39","472.99M","-1.25"
"May 16, 2016","4,775.46","4,728.86","4,791.25","4,724.73","419.40M","1.22"
"May 13, 2016","4,717.68","4,731.07","4,759.29","4,708.26","407.81M","-0.41"
"May 12, 2016","4,737.33","4,778.19","4,779.46","4,710.16","447.76M","-0.49"
"May 11, 2016","4,760.69","4,799.30","4,812.19","4,760.36","417.00M","-1.02"
"May 10, 2016","4,809.88","4,768.91","4,811.30","4,758.20","401.00M","1.26"
"May 09, 2016","4,750.21","4,736.35","4,771.94","4,735.06","395.51M","0.30"
"May 06, 2016","4,736.15","4,695.90","4,736.15","4,684.28","441.06M","0.40"
"May 05, 2016","4,717.09","4,742.42","4,744.55","4,709.75","448.69M","-0.18"
"May 04, 2016","4,725.64","4,735.28","4,751.64","4,713.91","469.20M","-0.79"
"May 03, 2016","4,763.22","4,780.88","4,791.43","4,749.71","445.57M","-1.13"
"May 02, 2016","4,817.59","4,786.55","4,821.57","4,768.28","435.63M","0.88"
"Apr 29, 2016","4,775.36","4,805.79","4,807.89","4,740.84","602.09M","-0.62"
"Apr 28, 2016","4,805.29","4,857.60","4,889.16","4,796.32","478.62M","-1.19"
"Apr 27, 2016","4,863.14","4,855.38","4,872.91","4,826.38","441.73M","-0.51"
"Apr 26, 2016","4,888.28","4,903.81","4,915.00","4,875.42","417.36M","-0.15"
"Apr 25, 2016","4,895.79","4,891.48","4,904.87","4,878.37","369.67M","-0.21"
"Apr 22, 2016","4,906.23","4,898.24","4,921.66","4,872.02","489.17M","-0.80"
"Apr 21, 2016","4,945.89","4,949.12","4,966.61","4,932.64","383.40M","-0.05"
"Apr 20, 2016","4,948.13","4,941.99","4,969.32","4,928.29","394.43M","0.16"
"Apr 19, 2016","4,940.33","4,968.30","4,968.67","4,915.52","413.23M","-0.40"
"Apr 18, 2016","4,960.02","4,919.36","4,960.79","4,915.63","370.38M","0.44"
"Apr 15, 2016","4,938.22","4,938.83","4,950.43","4,925.46","432.04M","-0.16"
"Apr 14, 2016","4,945.89","4,947.62","4,961.30","4,931.81","369.79M","-0.03"
"Apr 13, 2016","4,947.42","4,904.79","4,951.91","4,903.60","431.41M","1.55"
"Apr 12, 2016","4,872.09","4,838.81","4,879.60","4,808.91","385.61M","0.80"
"Apr 11, 2016","4,833.40","4,873.39","4,897.55","4,833.40","361.58M","-0.36"
"Apr 08, 2016","4,850.69","4,883.99","4,892.60","4,835.36","367.47M","0.05"
"Apr 07, 2016","4,848.37","4,893.57","4,901.49","4,831.49","452.84M","-1.47"
"Apr 06, 2016","4,920.72","4,849.57","4,921.51","4,849.28","402.78M","1.59"
"Apr 05, 2016","4,843.93","4,855.90","4,872.70","4,838.62","430.35M","-0.98"
"Apr 04, 2016","4,891.80","4,911.22","4,917.75","4,885.17","386.30M","-0.46"
"Apr 01, 2016","4,914.54","4,842.55","4,917.09","4,832.06","443.37M","0.92"
"Mar 31, 2016","4,869.85","4,869.57","4,891.30","4,864.41","452.45M","0.01"
"Mar 30, 2016","4,869.29","4,875.46","4,899.14","4,859.35","388.83M","0.47"
"Mar 29, 2016","4,846.62","4,756.55","4,849.31","4,749.78","453.24M","1.67"
"Mar 28, 2016","4,766.79","4,785.25","4,787.39","4,760.01","336.93M","-0.14"
"Mar 24, 2016","4,773.51","4,743.36","4,773.51","4,734.77","383.91M","0.10"
"Mar 23, 2016","4,768.86","4,813.87","4,816.67","4,765.37","399.92M","-1.10"
"Mar 22, 2016","4,821.66","4,783.60","4,835.60","4,781.71","373.16M","0.27"
"Mar 21, 2016","4,808.87","4,787.31","4,814.85","4,785.38","375.80M","0.28"
"Mar 18, 2016","4,795.65","4,784.63","4,804.58","4,772.41","1.14B","0.43"
"Mar 17, 2016","4,774.98","4,752.62","4,788.09","4,737.97","435.04M","0.23"
"Mar 16, 2016","4,763.97","4,717.88","4,774.78","4,716.45","402.69M","0.75"
"Mar 15, 2016","4,728.67","4,731.14","4,735.27","4,712.07","397.35M","-0.45"
"Mar 14, 2016","4,750.28","4,733.39","4,762.27","4,731.51","379.76M","0.04"
"Mar 11, 2016","4,748.47","4,712.38","4,748.79","4,700.91","416.03M","1.85"
"Mar 10, 2016","4,662.16","4,691.20","4,716.14","4,607.99","439.52M","-0.26"
"Mar 09, 2016","4,674.38","4,666.42","4,676.47","4,642.42","410.13M","0.55"
"Mar 08, 2016","4,648.82","4,676.22","4,695.03","4,642.86","467.11M","-1.26"
"Mar 07, 2016","4,708.25","4,690.88","4,731.19","4,674.82","486.23M","-0.19"
"Mar 04, 2016","4,717.02","4,715.77","4,746.65","4,687.94","510.77M","0.20"
"Mar 03, 2016","4,707.42","4,698.38","4,707.72","4,674.46","444.92M","0.09"
"Mar 02, 2016","4,703.42","4,683.80","4,703.57","4,665.93","452.45M","0.29"
"Mar 01, 2016","4,689.60","4,596.01","4,689.60","4,581.75","507.41M","2.89"
"Feb 29, 2016","4,557.95","4,585.30","4,619.90","4,557.46","565.97M","-0.71"
"Feb 26, 2016","4,590.47","4,615.14","4,618.85","4,580.78","438.38M","0.18"
"Feb 25, 2016","4,582.20","4,554.73","4,582.20","4,516.89","392.23M","0.87"
"Feb 24, 2016","4,542.61","4,453.93","4,547.64","4,425.72","452.41M","0.87"
"Feb 23, 2016","4,503.58","4,550.05","4,558.06","4,500.94","388.34M","-1.47"
"Feb 22, 2016","4,570.61","4,548.31","4,576.47","4,546.55","427.62M","1.47"
"Feb 19, 2016","4,504.43","4,464.67","4,513.15","4,455.10","488.38M","0.38"
"Feb 18, 2016","4,487.54","4,548.10","4,548.47","4,482.77","472.55M","-1.03"
"Feb 17, 2016","4,534.06","4,471.66","4,540.78","4,463.51","576.51M","2.21"
"Feb 16, 2016","4,435.95","4,397.95","4,435.95","4,376.52","553.80M","2.27"
"Feb 12, 2016","4,337.51","4,307.29","4,340.13","4,274.15","506.31M","1.66"
"Feb 11, 2016","4,266.84","4,218.81","4,293.22","4,209.76","688.73M","-0.39"
"Feb 10, 2016","4,283.59","4,318.28","4,369.62","4,280.73","561.08M","0.35"
"Feb 09, 2016","4,268.76","4,224.87","4,329.61","4,222.48","579.16M","-0.35"
"Feb 08, 2016","4,283.75","4,288.02","4,301.53","4,212.81","673.87M","-1.82"
"Feb 05, 2016","4,363.14","4,491.48","4,493.19","4,350.38","636.44M","-3.25"
"Feb 04, 2016","4,509.56","4,492.48","4,545.52","4,463.99","543.90M","0.12"
"Feb 03, 2016","4,504.24","4,543.82","4,547.32","4,424.47","577.23M","-0.28"
"Feb 02, 2016","4,516.95","4,588.69","4,589.90","4,503.12","511.64M","-2.24"
"Feb 01, 2016","4,620.37","4,587.59","4,636.93","4,565.38","480.04M","0.14"
"Jan 29, 2016","4,613.95","4,512.09","4,613.95","4,511.30","754.58M","2.38"
"Jan 28, 2016","4,506.68","4,533.81","4,533.81","4,447.50","545.17M","0.86"
"Jan 27, 2016","4,468.17","4,548.87","4,568.85","4,450.83","513.42M","-2.18"
"Jan 26, 2016","4,567.67","4,537.04","4,583.21","4,503.52","461.53M","1.09"
"Jan 25, 2016","4,518.49","4,574.60","4,590.44","4,514.78","483.49M","-1.58"
"Jan 22, 2016","4,591.18","4,557.39","4,591.18","4,540.27","523.81M","2.66"
"Jan 21, 2016","4,472.06","4,480.70","4,537.15","4,432.02","567.90M","0.01"
"Jan 20, 2016","4,471.69","4,405.22","4,514.92","4,313.39","716.73M","-0.12"
"Jan 19, 2016","4,476.95","4,548.05","4,550.57","4,430.77","572.07M","-0.26"
"Jan 15, 2016","4,488.42","4,464.37","4,520.45","4,419.41","739.41M","-2.74"
"Jan 14, 2016","4,615.00","4,545.37","4,650.55","4,470.59","593.87M","1.97"
"Jan 13, 2016","4,526.06","4,706.02","4,713.98","4,517.56","570.19M","-3.41"
"Jan 12, 2016","4,685.92","4,681.54","4,714.80","4,618.03","498.55M","1.03"
"Jan 11, 2016","4,637.99","4,673.44","4,683.02","4,573.77","528.17M","-0.12"
"Jan 08, 2016","4,643.63","4,722.02","4,742.57","4,637.85","540.57M","-0.98"
"Jan 07, 2016","4,689.43","4,736.40","4,788.02","4,688.17","590.07M","-3.03"
"Jan 06, 2016","4,835.77","4,813.76","4,866.04","4,804.69","501.75M","-1.14"
"Jan 05, 2016","4,891.43","4,917.84","4,926.73","4,872.74","428.07M","-0.24"
"Jan 04, 2016","4,903.09","4,897.65","4,903.09","4,846.98","569.79M","-2.08"
"Dec 31, 2015","5,007.41","5,047.04","5,058.06","5,007.01","384.40M","-1.15"
"Dec 30, 2015","5,065.85","5,101.18","5,102.35","5,065.69","270.26M","-0.82"
"Dec 29, 2015","5,107.94","5,066.52","5,116.99","5,065.89","296.09M","1.33"
"Dec 28, 2015","5,040.98","5,032.29","5,041.27","4,999.07","299.29M","-0.15"
"Dec 24, 2015","5,048.49","5,046.19","5,063.28","5,043.65","172.22M","0.05"
"Dec 23, 2015","5,045.93","5,025.55","5,046.09","5,020.44","354.60M","0.90"
"Dec 22, 2015","5,001.11","4,988.68","5,007.77","4,964.08","346.17M","0.65"
"Dec 21, 2015","4,968.92","4,957.53","4,968.92","4,928.93","393.92M","0.93"
"Dec 18, 2015","4,923.08","4,982.58","4,996.49","4,921.33","1.52B","-1.59"
"Dec 17, 2015","5,002.55","5,087.17","5,088.57","5,002.55","427.95M","-1.35"
"Dec 16, 2015","5,071.13","5,033.48","5,078.99","4,992.63","443.74M","1.52"
"Dec 15, 2015","4,995.36","4,991.21","5,026.54","4,986.99","449.30M","0.87"
"Dec 14, 2015","4,952.23","4,932.61","4,953.60","4,871.59","496.83M","0.38"
"Dec 11, 2015","4,933.47","4,979.77","4,996.19","4,928.67","475.11M","-2.21"
"Dec 10, 2015","5,045.17","5,026.30","5,075.65","5,019.31","388.23M","0.44"
"Dec 09, 2015","5,022.86","5,077.21","5,106.36","5,000.12","442.49M","-1.48"
"Dec 08, 2015","5,098.24","5,050.52","5,111.73","5,045.73","417.62M","-0.07"
"Dec 07, 2015","5,101.81","5,139.46","5,139.78","5,082.23","436.58M","-0.79"
"Dec 04, 2015","5,142.27","5,050.93","5,147.00","5,043.49","440.75M","2.08"
"Dec 03, 2015","5,037.53","5,143.15","5,144.60","5,011.72","486.60M","-1.67"
"Dec 02, 2015","5,123.22","5,158.82","5,176.77","5,117.15","450.13M","-0.64"
"Dec 01, 2015","5,156.31","5,129.64","5,156.31","5,120.17","463.40M","0.93"
"Nov 30, 2015","5,108.67","5,139.58","5,141.36","5,098.70","616.31M","-0.37"
"Nov 27, 2015","5,127.52","5,121.93","5,134.35","5,108.51","189.35M","0.22"
"Nov 25, 2015","5,116.14","5,106.87","5,124.09","5,101.18","343.28M","0.26"
"Nov 24, 2015","5,102.81","5,070.66","5,110.75","5,050.14","417.56M","0.01"
"Nov 23, 2015","5,102.48","5,106.72","5,128.08","5,084.85","386.57M","-0.05"
"Nov 20, 2015","5,104.92","5,096.96","5,112.46","5,094.31","429.76M","0.62"
"Nov 19, 2015","5,073.64","5,078.68","5,092.46","5,067.27","388.35M","-0.03"
"Nov 18, 2015","5,075.20","5,004.60","5,078.80","5,001.67","451.44M","1.79"
"Nov 17, 2015","4,986.02","4,991.71","5,023.45","4,975.74","418.58M","0.03"
"Nov 16, 2015","4,984.62","4,916.14","4,984.91","4,908.66","416.85M","1.15"
"Nov 13, 2015","4,927.88","4,980.86","4,989.06","4,925.35","444.55M","-1.54"
"Nov 12, 2015","5,005.08","5,043.10","5,062.49","5,004.46","395.74M","-1.22"
"Nov 11, 2015","5,067.02","5,098.12","5,111.19","5,066.68","366.71M","-0.32"
"Nov 10, 2015","5,083.24","5,068.55","5,086.89","5,051.22","432.61M","-0.24"
"Nov 09, 2015","5,095.30","5,128.94","5,133.44","5,066.10","436.18M","-1.01"
"Nov 06, 2015","5,147.12","5,124.04","5,147.12","5,092.87","471.93M","0.38"
"Nov 05, 2015","5,127.74","5,144.15","5,154.86","5,098.49","456.55M","-0.29"
"Nov 04, 2015","5,142.48","5,155.62","5,162.57","5,122.78","466.94M","-0.05"
"Nov 03, 2015","5,145.13","5,114.31","5,163.47","5,109.68","446.94M","0.35"
"Nov 02, 2015","5,127.15","5,065.64","5,130.51","5,061.47","427.28M","1.45"
"Oct 30, 2015","5,053.75","5,079.76","5,085.22","5,053.75","509.29M","-0.40"
"Oct 29, 2015","5,074.27","5,071.04","5,084.63","5,066.89","426.89M","-0.42"
"Oct 28, 2015","5,095.69","5,040.38","5,095.69","5,019.60","493.38M","1.30"
"Oct 27, 2015","5,030.15","5,018.99","5,040.08","5,009.07","455.96M","-0.09"
"Oct 26, 2015","5,034.70","5,030.80","5,045.16","5,012.74","418.69M","0.06"
"Oct 23, 2015","5,031.86","5,024.38","5,048.55","4,999.54","509.63M","2.27"
"Oct 22, 2015","4,920.05","4,875.96","4,926.99","4,861.80","505.00M","1.65"
"Oct 21, 2015","4,840.12","4,903.98","4,904.85","4,836.46","431.97M","-0.84"
"Oct 20, 2015","4,880.97","4,900.02","4,909.37","4,866.60","387.51M","-0.50"
"Oct 19, 2015","4,905.47","4,873.54","4,915.49","4,865.83","380.43M","0.38"
"Oct 16, 2015","4,886.69","4,872.36","4,886.95","4,851.28","494.94M","0.34"
"Oct 15, 2015","4,870.10","4,799.43","4,870.10","4,795.29","445.82M","1.82"
"Oct 14, 2015","4,782.85","4,801.35","4,820.09","4,771.62","435.24M","-0.29"
"Oct 13, 2015","4,796.61","4,809.24","4,858.28","4,793.92","354.14M","-0.87"
"Oct 12, 2015","4,838.64","4,839.79","4,846.74","4,818.16","316.99M","0.17"
"Oct 09, 2015","4,830.47","4,817.28","4,841.38","4,804.59","404.83M","0.41"
"Oct 08, 2015","4,810.79","4,775.06","4,819.07","4,737.93","441.40M","0.41"
"Oct 07, 2015","4,791.15","4,775.05","4,791.15","4,728.71","522.59M","0.90"
"Oct 06, 2015","4,748.36","4,767.63","4,783.37","4,711.79","471.98M","-0.69"
"Oct 05, 2015","4,781.26","4,742.13","4,785.91","4,740.24","490.22M","1.56"
"Oct 02, 2015","4,707.77","4,566.13","4,707.77","4,552.34","510.64M","1.74"
"Oct 01, 2015","4,627.08","4,624.46","4,628.23","4,559.21","501.35M","0.15"
"Sep 30, 2015","4,620.16","4,574.38","4,620.16","4,559.18","623.88M","2.28"
"Sep 29, 2015","4,517.32","4,551.04","4,596.06","4,487.06","548.61M","-0.59"
"Sep 28, 2015","4,543.97","4,665.06","4,665.21","4,529.41","558.00M","-3.04"
"Sep 25, 2015","4,686.50","4,782.41","4,785.22","4,659.48","501.80M","-1.01"
"Sep 24, 2015","4,734.48","4,717.89","4,746.21","4,670.12","481.39M","-0.38"
"Sep 23, 2015","4,752.74","4,764.69","4,780.64","4,735.13","365.13M","-0.08"
"Sep 22, 2015","4,756.72","4,762.29","4,776.28","4,716.91","477.77M","-1.50"
"Sep 21, 2015","4,828.95","4,851.98","4,881.46","4,795.91","453.54M","0.04"
"Sep 18, 2015","4,827.23","4,828.71","4,878.71","4,819.09","1.36B","-1.36"
"Sep 17, 2015","4,893.95","4,884.11","4,960.87","4,880.50","444.77M","0.10"
"Sep 16, 2015","4,889.24","4,860.44","4,893.44","4,848.15","382.59M","0.59"
"Sep 15, 2015","4,860.52","4,819.32","4,872.35","4,802.09","353.27M","1.14"
"Sep 14, 2015","4,805.76","4,831.98","4,832.00","4,791.08","358.08M","-0.34"
"Sep 11, 2015","4,822.34","4,770.73","4,822.34","4,763.15","396.56M","0.54"
"Sep 10, 2015","4,796.25","4,749.96","4,826.33","4,746.52","444.14M","0.84"
"Sep 09, 2015","4,756.53","4,856.27","4,862.88","4,746.73","460.53M","-1.15"
"Sep 08, 2015","4,811.93","4,769.72","4,815.04","4,754.89","445.73M","2.73"
"Sep 04, 2015","4,683.92","4,670.35","4,712.67","4,657.82","378.95M","-1.05"
"Sep 03, 2015","4,733.50","4,763.10","4,800.19","4,721.91","434.44M","-0.35"
"Sep 02, 2015","4,749.98","4,704.42","4,749.98","4,659.41","472.71M","2.46"
"Sep 01, 2015","4,636.10","4,673.61","4,722.13","4,614.91","582.68M","-2.94"
"Aug 31, 2015","4,776.51","4,798.68","4,824.61","4,763.42","498.17M","-1.07"
"Aug 28, 2015","4,828.32","4,792.11","4,836.78","4,788.38","509.59M","0.32"
"Aug 27, 2015","4,812.71","4,761.05","4,818.71","4,721.79","590.55M","2.45"
"Aug 26, 2015","4,697.54","4,633.51","4,703.97","4,530.03","633.10M","4.24"
"Aug 25, 2015","4,506.49","4,687.27","4,689.54","4,506.10","657.53M","-0.44"
"Aug 24, 2015","4,526.25","4,351.61","4,694.90","4,292.14","926.38M","-3.82"
"Aug 21, 2015","4,706.04","4,801.04","4,856.75","4,706.04","716.26M","-3.52"
"Aug 20, 2015","4,877.49","4,973.49","4,986.51","4,877.49","477.70M","-2.82"
"Aug 19, 2015","5,019.05","5,039.03","5,060.93","4,992.85","399.25M","-0.80"
"Aug 18, 2015","5,059.35","5,082.18","5,085.14","5,054.97","347.37M","-0.64"
"Aug 17, 2015","5,091.70","5,032.34","5,092.69","5,022.42","360.39M","0.86"
"Aug 14, 2015","5,048.23","5,025.92","5,051.89","5,012.61","343.63M","0.29"
"Aug 13, 2015","5,033.56","5,050.94","5,071.46","5,029.61","376.05M","-0.21"
"Aug 12, 2015","5,044.39","4,994.52","5,055.75","4,945.79","474.10M","0.15"
"Aug 11, 2015","5,036.79","5,069.16","5,089.33","5,013.44","451.20M","-1.27"
"Aug 10, 2015","5,101.80","5,081.72","5,112.47","5,081.11","435.82M","1.16"
"Aug 07, 2015","5,043.54","5,043.97","5,055.56","5,006.15","465.43M","-0.26"
"Aug 06, 2015","5,056.44","5,146.62","5,149.93","5,035.41","511.22M","-1.62"
"Aug 05, 2015","5,139.94","5,132.77","5,175.26","5,131.86","452.96M","0.67"
"Aug 04, 2015","5,105.55","5,110.96","5,125.90","5,092.46","419.37M","-0.19"
"Aug 03, 2015","5,115.38","5,134.34","5,143.08","5,082.32","411.24M","-0.25"
"Jul 31, 2015","5,128.28","5,148.18","5,155.02","5,122.37","517.90M","-0.01"
"Jul 30, 2015","5,128.78","5,100.30","5,135.65","5,070.62","432.34M","0.33"
"Jul 29, 2015","5,111.73","5,097.86","5,117.84","5,080.04","443.58M","0.44"
"Jul 28, 2015","5,089.21","5,063.44","5,097.69","5,025.61","475.08M","0.98"
"Jul 27, 2015","5,039.78","5,055.92","5,072.88","5,032.69","452.92M","-0.96"
"Jul 24, 2015","5,088.63","5,166.91","5,167.54","5,084.51","474.84M","-1.12"
"Jul 23, 2015","5,146.41","5,180.33","5,197.00","5,137.64","439.50M","-0.49"
"Jul 22, 2015","5,171.77","5,146.03","5,184.74","5,145.78","444.46M","-0.70"
"Jul 21, 2015","5,208.12","5,219.20","5,229.00","5,196.30","398.16M","-0.21"
"Jul 20, 2015","5,218.86","5,223.18","5,231.94","5,201.49","390.35M","0.17"
"Jul 17, 2015","5,210.14","5,196.11","5,210.16","5,183.23","443.21M","0.91"
"Jul 16, 2015","5,163.18","5,138.18","5,163.18","5,128.56","382.62M","1.26"
"Jul 15, 2015","5,098.94","5,111.11","5,125.32","5,088.12","384.20M","-0.12"
"Jul 14, 2015","5,104.89","5,077.12","5,116.52","5,075.12","386.79M","0.66"
"Jul 13, 2015","5,071.51","5,037.27","5,074.81","5,036.68","383.98M","1.48"
"Jul 10, 2015","4,997.70","4,981.24","5,008.05","4,966.51","369.46M","1.53"
"Jul 09, 2015","4,922.40","4,976.15","4,982.19","4,920.40","424.41M","0.26"
"Jul 08, 2015","4,909.76","4,953.98","4,965.45","4,901.51","450.17M","-1.75"
"Jul 07, 2015","4,997.46","4,993.76","5,001.99","4,902.21","495.44M","0.11"
"Jul 06, 2015","4,991.94","4,963.80","5,020.71","4,960.93","489.03M","-0.34"
"Jul 02, 2015","5,009.21","5,024.30","5,027.47","4,990.74","357.11M","-0.08"
"Jul 01, 2015","5,013.12","5,029.05","5,038.55","4,994.47","425.75M","0.53"
"Jun 30, 2015","4,986.87","5,000.15","5,008.76","4,968.26","536.57M","0.57"
"Jun 29, 2015","4,958.47","5,021.21","5,051.01","4,956.23","490.09M","-2.40"
"Jun 26, 2015","5,080.51","5,113.26","5,121.47","5,060.82","1.25B","-0.62"
"Jun 25, 2015","5,112.19","5,139.48","5,141.71","5,102.16","404.12M","-0.20"
"Jun 24, 2015","5,122.41","5,151.38","5,164.36","5,121.64","396.72M","-0.73"
"Jun 23, 2015","5,160.10","5,161.68","5,163.41","5,139.33","363.88M","0.12"
"Jun 22, 2015","5,153.97","5,147.87","5,162.13","5,142.78","392.19M","0.72"
"Jun 19, 2015","5,117.00","5,139.77","5,140.17","5,113.94","994.33M","-0.31"
"Jun 18, 2015","5,132.95","5,082.06","5,143.32","5,082.03","434.52M","1.34"
"Jun 17, 2015","5,064.88","5,067.68","5,080.11","5,042.25","394.12M","0.18"
"Jun 16, 2015","5,055.55","5,023.58","5,063.06","5,022.56","373.64M","0.51"
"Jun 15, 2015","5,029.97","5,011.79","5,035.37","4,985.94","429.32M","-0.42"
"Jun 12, 2015","5,051.10","5,060.24","5,067.96","5,043.24","348.82M","-0.62"
"Jun 11, 2015","5,082.51","5,088.26","5,101.39","5,075.05","406.91M","0.11"
"Jun 10, 2015","5,076.69","5,029.41","5,086.66","5,024.17","428.37M","1.25"
"Jun 09, 2015","5,013.86","5,013.13","5,027.02","4,974.61","394.83M","-0.15"
"Jun 08, 2015","5,021.63","5,066.65","5,069.00","5,014.06","388.07M","-0.92"
"Jun 05, 2015","5,068.46","5,057.04","5,074.98","5,025.52","426.33M","0.18"
"Jun 04, 2015","5,059.12","5,078.22","5,101.11","5,046.29","407.34M","-0.79"
"Jun 03, 2015","5,099.23","5,098.48","5,114.60","5,084.99","411.41M","0.45"
"Jun 02, 2015","5,076.52","5,063.47","5,100.02","5,047.35","410.95M","-0.13"
"Jun 01, 2015","5,082.93","5,094.94","5,099.01","5,045.67","444.44M","0.25"
"May 29, 2015","5,070.02","5,093.10","5,099.40","5,057.59","545.79M","-0.55"
"May 28, 2015","5,097.98","5,096.34","5,106.65","5,080.25","400.53M","-0.17"
"May 27, 2015","5,106.59","5,047.86","5,111.54","5,039.37","424.87M","1.47"
"May 26, 2015","5,032.75","5,076.91","5,081.17","5,016.73","442.17M","-1.11"
"May 22, 2015","5,089.36","5,085.39","5,103.84","5,085.19","363.37M","-0.03"
"May 21, 2015","5,090.79","5,065.94","5,098.23","5,062.51","381.24M","0.38"
"May 20, 2015","5,071.74","5,072.44","5,097.52","5,050.21","401.52M","0.03"
"May 19, 2015","5,070.03","5,080.44","5,087.35","5,062.80","412.31M","-0.17"
"May 18, 2015","5,078.44","5,040.92","5,084.50","5,037.54","391.35M","0.60"
"May 15, 2015","5,048.29","5,059.15","5,062.65","5,034.84","431.42M","-0.05"
"May 14, 2015","5,050.80","5,016.68","5,051.72","4,999.65","404.81M","1.39"
"May 13, 2015","4,981.69","4,991.42","5,012.97","4,977.49","384.76M","0.11"
"May 12, 2015","4,976.19","4,966.44","4,995.50","4,931.60","403.84M","-0.35"
"May 11, 2015","4,993.57","5,003.26","5,017.38","4,992.02","410.32M","-0.20"
"May 08, 2015","5,003.55","4,991.63","5,014.33","4,989.26","450.65M","1.17"
"May 07, 2015","4,945.54","4,917.75","4,957.12","4,914.53","470.26M","0.53"
"May 06, 2015","4,919.64","4,956.70","4,965.10","4,888.17","496.02M","-0.40"
"May 05, 2015","4,939.33","5,000.19","5,008.27","4,934.34","479.75M","-1.55"
"May 04, 2015","5,016.93","5,018.35","5,043.62","5,013.02","415.23M","0.23"
"May 01, 2015","5,005.39","4,966.32","5,005.39","4,962.74","461.13M","1.29"
"Apr 30, 2015","4,941.42","4,996.99","5,015.96","4,921.56","591.67M","-1.64"
"Apr 29, 2015","5,023.64","5,028.45","5,053.85","4,999.83","443.71M","-0.63"
"Apr 28, 2015","5,055.42","5,063.26","5,075.30","5,006.28","476.10M","-0.10"
"Apr 27, 2015","5,060.25","5,104.36","5,119.83","5,053.54","506.28M","-0.63"
"Apr 24, 2015","5,092.09","5,096.34","5,100.37","5,081.21","467.32M","0.71"
"Apr 23, 2015","5,056.06","5,020.22","5,073.09","5,019.30","435.93M","0.41"
"Apr 22, 2015","5,035.17","5,026.57","5,040.65","4,992.62","398.30M","0.42"
"Apr 21, 2015","5,014.10","5,023.96","5,028.22","5,009.51","381.51M","0.39"
"Apr 20, 2015","4,994.60","4,958.07","5,000.20","4,952.68","386.63M","1.27"
"Apr 17, 2015","4,931.81","4,966.11","4,974.09","4,912.32","506.00M","-1.52"
"Apr 16, 2015","5,007.79","4,999.36","5,016.00","4,996.00","383.97M","-0.06"
"Apr 15, 2015","5,011.02","4,992.62","5,021.19","4,989.24","425.85M","0.68"
"Apr 14, 2015","4,977.29","4,988.82","4,996.82","4,952.01","364.24M","-0.22"
"Apr 13, 2015","4,988.25","5,001.56","5,024.25","4,985.96","369.22M","-0.15"
"Apr 10, 2015","4,995.98","4,977.03","4,996.08","4,970.02","341.08M","0.43"
"Apr 09, 2015","4,974.56","4,950.84","4,975.93","4,928.11","387.11M","0.48"
"Apr 08, 2015","4,950.82","4,914.15","4,956.72","4,914.15","409.41M","0.83"
"Apr 07, 2015","4,910.23","4,917.50","4,948.88","4,909.77","373.96M","-0.14"
"Apr 06, 2015","4,917.32","4,855.94","4,929.62","4,852.91","466.90M","0.62"
"Apr 02, 2015","4,886.94","4,885.41","4,901.32","4,872.96","383.83M","0.14"
"Apr 01, 2015","4,880.23","4,894.36","4,899.38","4,844.39","457.08M","-0.42"
"Mar 31, 2015","4,900.88","4,925.91","4,940.87","4,899.31","509.76M","-0.94"
"Mar 30, 2015","4,947.44","4,921.78","4,948.46","4,921.12","419.66M","1.15"
"Mar 27, 2015","4,891.22","4,863.74","4,899.26","4,859.65","429.39M","0.57"
"Mar 26, 2015","4,863.36","4,835.72","4,889.21","4,825.93","488.34M","-0.27"
"Mar 25, 2015","4,876.52","5,002.83","5,006.76","4,876.52","518.11M","-2.37"
"Mar 24, 2015","4,994.73","5,010.10","5,032.48","4,994.56","383.80M","-0.32"
"Mar 23, 2015","5,010.97","5,020.60","5,031.39","5,010.97","394.24M","-0.31"
"Mar 20, 2015","5,026.42","5,033.47","5,042.14","5,020.06","1.07B","0.68"
"Mar 19, 2015","4,992.38","4,982.02","5,000.02","4,979.94","388.56M","0.19"
"Mar 18, 2015","4,982.83","4,926.83","5,001.57","4,907.72","473.04M","0.92"
"Mar 17, 2015","4,937.44","4,912.65","4,944.91","4,907.02","415.82M","0.16"
"Mar 16, 2015","4,929.51","4,897.27","4,929.94","4,889.09","417.73M","1.19"
"Mar 13, 2015","4,871.76","4,885.54","4,904.47","4,842.80","439.59M","-0.44"
"Mar 12, 2015","4,893.29","4,853.98","4,895.80","4,853.20","451.95M","0.89"
"Mar 11, 2015","4,849.94","4,866.94","4,876.09","4,846.79","456.59M","-0.20"
"Mar 10, 2015","4,859.80","4,899.51","4,903.44","4,859.80","460.96M","-1.67"
"Mar 09, 2015","4,942.44","4,936.08","4,950.47","4,920.82","405.49M","0.31"
"Mar 06, 2015","4,927.37","4,967.24","4,982.93","4,918.62","462.81M","-1.11"
"Mar 05, 2015","4,982.81","4,979.95","4,993.52","4,963.10","417.03M","0.32"
"Mar 04, 2015","4,967.14","4,961.24","4,973.32","4,938.90","433.19M","-0.26"
"Mar 03, 2015","4,979.90","4,990.70","4,996.66","4,956.07","481.23M","-0.56"
"Mar 02, 2015","5,008.10","4,973.43","5,008.57","4,972.01","468.54M","0.90"
"Feb 27, 2015","4,963.53","4,985.03","4,989.25","4,960.88","485.69M","-0.49"
"Feb 26, 2015","4,987.89","4,969.27","4,989.11","4,955.51","437.96M","0.42"
"Feb 25, 2015","4,967.14","4,960.36","4,984.24","4,955.99","422.94M","-0.02"
"Feb 24, 2015","4,968.12","4,956.21","4,971.18","4,945.14","429.64M","0.14"
"Feb 23, 2015","4,960.97","4,953.10","4,960.97","4,939.56","452.05M","0.10"
"Feb 20, 2015","4,955.97","4,919.78","4,957.02","4,905.59","456.72M","0.63"
"Feb 19, 2015","4,924.70","4,901.51","4,929.53","4,900.63","380.21M","0.37"
"Feb 18, 2015","4,906.36","4,890.84","4,907.50","4,885.60","410.20M","0.14"
"Feb 17, 2015","4,899.27","4,889.98","4,901.89","4,880.64","450.15M","0.11"
"Feb 13, 2015","4,893.84","4,869.73","4,893.84","4,860.12","455.86M","0.75"
"Feb 12, 2015","4,857.61","4,828.08","4,857.61","4,823.57","480.02M","1.18"
"Feb 11, 2015","4,801.18","4,788.37","4,810.36","4,780.13","433.80M","0.28"
"Feb 10, 2015","4,787.65","4,754.62","4,793.27","4,737.12","441.96M","1.30"
"Feb 09, 2015","4,726.01","4,723.73","4,749.47","4,719.61","411.22M","-0.39"
"Feb 06, 2015","4,744.40","4,768.85","4,787.19","4,731.22","494.10M","-0.43"
"Feb 05, 2015","4,765.10","4,729.65","4,767.38","4,722.80","501.77M","1.03"
"Feb 04, 2015","4,716.70","4,699.81","4,744.33","4,697.79","549.87M","-0.23"
"Feb 03, 2015","4,727.74","4,693.25","4,727.74","4,670.82","553.80M","1.09"
"Feb 02, 2015","4,676.69","4,650.60","4,676.69","4,580.46","525.39M","0.89"
"Jan 30, 2015","4,635.24","4,671.20","4,703.81","4,631.10","638.81M","-1.03"
"Jan 29, 2015","4,683.41","4,635.73","4,688.41","4,601.76","529.67M","0.98"
"Jan 28, 2015","4,637.99","4,740.69","4,742.06","4,637.48","534.45M","-0.93"
"Jan 27, 2015","4,681.50","4,698.23","4,721.88","4,659.83","469.34M","-1.89"
"Jan 26, 2015","4,771.76","4,752.36","4,774.18","4,734.20","460.89M","0.29"
"Jan 23, 2015","4,757.88","4,748.19","4,771.18","4,737.95","414.94M","0.16"
"Jan 22, 2015","4,750.40","4,690.93","4,752.60","4,644.57","515.53M","1.78"
"Jan 21, 2015","4,667.42","4,641.95","4,692.46","4,629.59","463.22M","0.27"
"Jan 20, 2015","4,654.85","4,655.84","4,665.65","4,601.10","473.62M","0.44"
"Jan 16, 2015","4,634.38","4,566.38","4,635.82","4,563.11","548.60M","1.39"
"Jan 15, 2015","4,570.82","4,657.46","4,663.96","4,567.39","525.69M","-1.48"
"Jan 14, 2015","4,639.32","4,610.76","4,655.37","4,595.98","527.38M","-0.48"
"Jan 13, 2015","4,661.50","4,708.74","4,751.34","4,624.28","566.52M","-0.07"
"Jan 12, 2015","4,664.71","4,714.07","4,715.81","4,650.65","491.28M","-0.84"
"Jan 09, 2015","4,704.07","4,744.47","4,744.71","4,681.24","430.67M","-0.68"
"Jan 08, 2015","4,736.19","4,689.54","4,741.38","4,688.02","548.10M","1.84"
"Jan 07, 2015","4,650.47","4,626.84","4,652.72","4,613.90","482.51M","1.26"
"Jan 06, 2015","4,592.74","4,666.85","4,667.33","4,567.60","553.62M","-1.29"
"Jan 05, 2015","4,652.57","4,700.34","4,702.77","4,641.46","476.45M","-1.57"
"Jan 02, 2015","4,726.81","4,760.24","4,777.01","4,698.11","367.74M","-0.20"
"Dec 31, 2014","4,736.05","4,790.53","4,806.43","4,734.11","422.14M","-0.87"
"Dec 30, 2014","4,777.44","4,793.61","4,803.89","4,772.88","316.50M","-0.61"
"Dec 29, 2014","4,806.91","4,801.26","4,813.72","4,798.90","312.34M","0.00"
"Dec 26, 2014","4,806.86","4,788.06","4,814.95","4,787.85","264.82M","0.70"
"Dec 24, 2014","4,773.47","4,770.12","4,787.57","4,768.67","195.60M","0.17"
"Dec 23, 2014","4,765.42","4,798.03","4,798.06","4,761.39","405.38M","-0.33"
"Dec 22, 2014","4,781.42","4,759.04","4,781.93","4,757.81","450.59M","0.34"
"Dec 19, 2014","4,765.38","4,752.60","4,782.13","4,738.29","1.29B","0.36"
"Dec 18, 2014","4,748.40","4,712.39","4,748.40","4,697.09","553.98M","2.24"
"Dec 17, 2014","4,644.31","4,556.90","4,651.90","4,550.70","573.50M","2.12"
"Dec 16, 2014","4,547.83","4,572.79","4,645.19","4,547.31","587.10M","-1.24"
"Dec 15, 2014","4,605.16","4,679.67","4,690.58","4,592.43","568.38M","-1.04"
"Dec 12, 2014","4,653.60","4,665.35","4,707.92","4,653.60","489.47M","-1.16"
"Dec 11, 2014","4,708.16","4,704.65","4,759.88","4,699.43","448.12M","0.52"
"Dec 10, 2014","4,684.02","4,754.42","4,766.64","4,679.24","481.57M","-1.73"
"Dec 09, 2014","4,766.47","4,685.20","4,768.41","4,674.38","484.64M","0.54"
"Dec 08, 2014","4,740.69","4,769.76","4,793.24","4,722.91","497.78M","-0.84"
"Dec 05, 2014","4,780.76","4,776.57","4,788.98","4,769.64","449.46M","0.24"
"Dec 04, 2014","4,769.44","4,772.00","4,785.41","4,753.71","448.63M","-0.11"
"Dec 03, 2014","4,774.47","4,761.31","4,781.37","4,745.14","450.70M","0.39"
"Dec 02, 2014","4,755.81","4,732.97","4,761.63","4,729.76","460.39M","0.60"
"Dec 01, 2014","4,727.35","4,777.73","4,782.07","4,724.62","481.09M","-1.34"
"Nov 28, 2014","4,791.63","4,797.10","4,810.86","4,786.72","300.15M","0.09"
"Nov 26, 2014","4,787.32","4,760.23","4,788.00","4,757.48","351.09M","0.61"
"Nov 25, 2014","4,758.25","4,762.39","4,774.52","4,749.92","491.47M","0.07"
"Nov 24, 2014","4,754.89","4,725.17","4,755.02","4,723.62","413.33M","0.89"
"Nov 21, 2014","4,712.97","4,751.01","4,751.60","4,700.73","550.29M","0.24"
"Nov 20, 2014","4,701.87","4,655.20","4,702.97","4,653.32","411.10M","0.56"
"Nov 19, 2014","4,675.71","4,694.78","4,696.20","4,655.72","427.48M","-0.57"
"Nov 18, 2014","4,702.44","4,674.84","4,709.83","4,674.30","421.88M","0.67"
"Nov 17, 2014","4,671.00","4,678.44","4,689.53","4,655.19","429.26M","-0.37"
"Nov 14, 2014","4,688.54","4,679.85","4,688.74","4,664.31","433.43M","0.18"
"Nov 13, 2014","4,680.14","4,681.56","4,703.10","4,664.27","457.99M","0.11"
"Nov 12, 2014","4,675.14","4,644.63","4,678.58","4,643.78","447.41M","0.31"
"Nov 11, 2014","4,660.56","4,649.19","4,661.23","4,640.24","411.43M","0.19"
"Nov 10, 2014","4,651.62","4,635.10","4,653.38","4,626.49","471.19M","0.41"
"Nov 07, 2014","4,632.53","4,636.89","4,638.80","4,606.81","475.31M","-0.13"
"Nov 06, 2014","4,638.47","4,616.78","4,639.17","4,604.76","482.30M","0.38"
"Nov 05, 2014","4,620.72","4,649.47","4,650.39","4,607.73","497.48M","-0.06"
"Nov 04, 2014","4,623.64","4,623.77","4,635.95","4,594.91","480.85M","-0.33"
"Nov 03, 2014","4,638.91","4,633.71","4,654.19","4,627.42","522.97M","0.18"
"Oct 31, 2014","4,630.74","4,639.45","4,641.51","4,616.58","659.76M","1.41"
"Oct 30, 2014","4,566.14","4,532.10","4,575.50","4,521.79","516.18M","0.37"
"Oct 29, 2014","4,549.23","4,551.37","4,564.44","4,517.02","543.05M","-0.33"
"Oct 28, 2014","4,564.29","4,505.73","4,564.29","4,505.11","507.39M","1.75"
"Oct 27, 2014","4,485.93","4,469.02","4,489.60","4,450.29","413.39M","0.05"
"Oct 24, 2014","4,483.72","4,459.46","4,486.26","4,445.85","446.47M","0.69"
"Oct 23, 2014","4,452.79","4,427.44","4,475.55","4,421.56","508.53M","1.60"
"Oct 22, 2014","4,382.85","4,429.16","4,435.86","4,381.28","501.41M","-0.83"
"Oct 21, 2014","4,419.48","4,359.17","4,419.48","4,356.10","492.35M","2.40"
"Oct 20, 2014","4,316.07","4,254.16","4,316.87","4,248.22","456.92M","1.35"
"Oct 17, 2014","4,258.44","4,275.09","4,296.11","4,241.67","667.36M","0.97"
"Oct 16, 2014","4,217.39","4,133.25","4,246.01","4,131.65","692.06M","0.05"
"Oct 15, 2014","4,215.32","4,154.10","4,231.54","4,116.60","794.03M","-0.28"
"Oct 14, 2014","4,227.17","4,246.23","4,281.34","4,212.82","652.38M","0.32"
"Oct 13, 2014","4,213.66","4,274.90","4,303.82","4,212.86","631.03M","-1.46"
"Oct 10, 2014","4,276.24","4,354.63","4,380.51","4,276.24","714.33M","-2.33"
"Oct 09, 2014","4,378.34","4,458.29","4,464.13","4,377.28","552.97M","-2.02"
"Oct 08, 2014","4,468.59","4,385.70","4,473.73","4,355.34","595.04M","1.90"
"Oct 07, 2014","4,385.20","4,433.91","4,441.76","4,385.15","510.60M","-1.56"
"Oct 06, 2014","4,454.80","4,492.40","4,496.26","4,444.10","463.15M","-0.47"
"Oct 03, 2014","4,475.62","4,456.81","4,488.07","4,445.72","459.89M","1.03"
"Oct 02, 2014","4,430.19","4,421.25","4,441.95","4,367.74","512.30M","0.18"
"Oct 01, 2014","4,422.09","4,486.65","4,486.79","4,409.30","575.57M","-1.59"
"Sep 30, 2014","4,493.39","4,512.64","4,522.06","4,483.91","573.84M","-0.28"
"Sep 29, 2014","4,505.85","4,465.84","4,515.24","4,464.44","432.41M","-0.14"
"Sep 26, 2014","4,512.19","4,476.48","4,515.74","4,475.48","409.65M","1.02"
"Sep 25, 2014","4,466.75","4,540.82","4,546.93","4,466.64","490.17M","-1.94"
"Sep 24, 2014","4,555.22","4,514.92","4,557.27","4,500.13","430.45M","1.03"
"Sep 23, 2014","4,508.69","4,511.32","4,536.03","4,508.42","461.87M","-0.42"
"Sep 22, 2014","4,527.69","4,568.45","4,568.87","4,513.12","471.72M","-1.14"
"Sep 19, 2014","4,579.79","4,606.13","4,610.57","4,563.44","1.20B","-0.30"
"Sep 18, 2014","4,593.43","4,575.74","4,593.98","4,572.62","430.26M","0.68"
"Sep 17, 2014","4,562.19","4,553.96","4,582.40","4,539.36","441.01M","0.21"
"Sep 16, 2014","4,552.76","4,502.11","4,558.24","4,499.87","467.05M","0.75"
"Sep 15, 2014","4,518.90","4,567.45","4,567.47","4,506.73","463.55M","-1.07"
"Sep 12, 2014","4,567.60","4,588.77","4,590.08","4,555.68","440.81M","-0.53"
"Sep 11, 2014","4,591.81","4,567.64","4,591.81","4,559.75","407.26M","0.12"
"Sep 10, 2014","4,586.52","4,554.15","4,587.10","4,544.84","426.46M","0.75"
"Sep 09, 2014","4,552.28","4,588.83","4,599.03","4,544.44","455.94M","-0.87"
"Sep 08, 2014","4,592.28","4,579.06","4,600.40","4,570.23","412.63M","0.20"
"Sep 05, 2014","4,582.90","4,560.63","4,583.00","4,542.74","403.42M","0.45"
"Sep 04, 2014","4,562.29","4,581.52","4,603.15","4,553.31","411.00M","-0.22"
"Sep 03, 2014","4,572.56","4,610.14","4,610.14","4,565.38","456.17M","-0.56"
"Sep 02, 2014","4,598.19","4,592.42","4,598.64","4,576.81","445.94M","0.39"
"Aug 29, 2014","4,580.27","4,571.76","4,580.27","4,553.78","354.03M","0.50"
"Aug 28, 2014","4,557.69","4,552.55","4,565.96","4,546.62","321.03M","-0.26"
"Aug 27, 2014","4,569.62","4,574.35","4,575.81","4,561.84","335.94M","-0.02"
"Aug 26, 2014","4,570.64","4,563.81","4,575.59","4,556.78","342.63M","0.29"
"Aug 25, 2014","4,557.35","4,563.72","4,571.14","4,547.78","334.63M","0.41"
"Aug 22, 2014","4,538.55","4,534.87","4,547.24","4,521.77","329.97M","0.14"
"Aug 21, 2014","4,532.10","4,526.72","4,534.00","4,513.81","349.36M","0.12"
"Aug 20, 2014","4,526.48","4,517.75","4,533.01","4,515.73","356.53M","-0.02"
"Aug 19, 2014","4,527.51","4,514.26","4,528.91","4,513.92","373.14M","0.43"
"Aug 18, 2014","4,508.31","4,490.53","4,509.15","4,486.44","395.42M","0.97"
"Aug 15, 2014","4,464.93","4,479.64","4,482.47","4,427.13","507.50M","0.27"
"Aug 14, 2014","4,453.00","4,438.13","4,453.00","4,433.94","334.04M","0.43"
"Aug 13, 2014","4,434.12","4,407.86","4,434.31","4,403.64","372.80M","1.02"
"Aug 12, 2014","4,389.25","4,394.69","4,407.08","4,371.84","366.69M","-0.27"
"Aug 11, 2014","4,401.33","4,387.38","4,415.78","4,384.15","366.75M","0.70"
"Aug 08, 2014","4,370.90","4,340.88","4,373.11","4,327.87","435.75M","0.83"
"Aug 07, 2014","4,334.97","4,373.24","4,379.70","4,321.89","456.47M","-0.46"
"Aug 06, 2014","4,355.05","4,326.28","4,378.99","4,325.04","444.29M","0.05"
"Aug 05, 2014","4,352.84","4,364.59","4,383.02","4,333.58","467.51M","-0.71"
"Aug 04, 2014","4,383.89","4,365.62","4,395.38","4,343.03","435.81M","0.72"
"Aug 01, 2014","4,352.64","4,363.39","4,385.05","4,324.02","504.65M","-0.39"
"Jul 31, 2014","4,369.77","4,421.29","4,430.80","4,367.15","574.24M","-2.09"
"Jul 30, 2014","4,462.90","4,468.44","4,476.06","4,444.51","457.16M","0.45"
"Jul 29, 2014","4,442.70","4,456.07","4,470.97","4,441.03","486.03M","-0.05"
"Jul 28, 2014","4,444.91","4,451.12","4,455.39","4,413.91","430.75M","-0.10"
"Jul 25, 2014","4,449.56","4,448.06","4,457.95","4,430.43","420.14M","-0.50"
"Jul 24, 2014","4,472.11","4,481.61","4,485.50","4,465.94","456.08M","-0.04"
"Jul 23, 2014","4,473.70","4,468.16","4,480.73","4,457.94","448.41M","0.40"
"Jul 22, 2014","4,456.02","4,444.94","4,464.13","4,443.35","403.35M","0.71"
"Jul 21, 2014","4,424.70","4,421.20","4,432.41","4,404.51","379.18M","-0.17"
"Jul 18, 2014","4,432.15","4,379.94","4,434.44","4,378.22","494.56M","1.57"
"Jul 17, 2014","4,363.45","4,411.52","4,425.38","4,352.23","505.57M","-1.41"
"Jul 16, 2014","4,425.97","4,446.17","4,448.87","4,419.71","492.61M","0.22"
"Jul 15, 2014","4,416.39","4,444.91","4,451.93","4,389.70","444.64M","-0.54"
"Jul 14, 2014","4,440.42","4,441.39","4,451.60","4,432.95","377.89M","0.56"
"Jul 11, 2014","4,415.49","4,401.05","4,417.16","4,389.29","365.72M","0.44"
"Jul 10, 2014","4,396.20","4,352.03","4,415.85","4,351.04","409.74M","-0.52"
"Jul 09, 2014","4,419.03","4,403.03","4,421.93","4,388.01","414.26M","0.63"
"Jul 08, 2014","4,391.46","4,442.87","4,443.56","4,372.04","540.90M","-1.35"
"Jul 07, 2014","4,451.53","4,477.74","4,478.02","4,447.60","424.55M","-0.77"
"Jul 03, 2014","4,485.93","4,472.89","4,485.93","4,463.85","296.07M","0.63"
"Jul 02, 2014","4,457.73","4,457.86","4,466.92","4,450.87","386.49M","-0.02"
"Jul 01, 2014","4,458.65","4,424.71","4,471.60","4,424.43","490.57M","1.14"
"Jun 30, 2014","4,408.18","4,398.37","4,417.46","4,396.59","493.49M","0.23"
"Jun 27, 2014","4,397.93","4,371.80","4,398.85","4,371.60","1.13B","0.43"
"Jun 26, 2014","4,379.05","4,379.44","4,379.80","4,347.45","360.13M","-0.02"
"Jun 25, 2014","4,379.76","4,341.82","4,383.55","4,339.41","422.56M","0.68"
"Jun 24, 2014","4,350.35","4,367.90","4,399.87","4,342.90","482.18M","-0.42"
"Jun 23, 2014","4,368.68","4,368.95","4,371.81","4,358.68","424.37M","0.01"
"Jun 20, 2014","4,368.04","4,365.37","4,368.80","4,354.03","1.06B","0.20"
"Jun 19, 2014","4,359.33","4,370.14","4,372.18","4,339.61","440.75M","-0.08"
"Jun 18, 2014","4,362.84","4,341.18","4,365.10","4,320.54","434.83M","0.59"
"Jun 17, 2014","4,337.23","4,316.01","4,346.12","4,311.15","444.94M","0.37"
"Jun 16, 2014","4,321.10","4,303.93","4,326.89","4,296.26","407.96M","0.24"
"Jun 13, 2014","4,310.65","4,315.31","4,317.67","4,288.41","430.05M","0.30"
"Jun 12, 2014","4,297.63","4,323.11","4,328.35","4,284.53","454.96M","-0.79"
"Jun 11, 2014","4,331.93","4,322.92","4,338.21","4,315.49","408.36M","-0.14"
"Jun 10, 2014","4,338.00","4,329.20","4,338.87","4,319.93","419.94M","0.04"
"Jun 09, 2014","4,336.24","4,324.35","4,346.74","4,320.28","435.14M","0.34"
"Jun 06, 2014","4,321.40","4,312.76","4,322.51","4,305.74","409.13M","0.59"
"Jun 05, 2014","4,296.23","4,259.12","4,299.50","4,241.68","456.39M","1.05"
"Jun 04, 2014","4,251.64","4,222.21","4,256.19","4,216.23","392.28M","0.41"
"Jun 03, 2014","4,234.08","4,222.04","4,240.35","4,215.80","432.93M","-0.07"
"Jun 02, 2014","4,237.20","4,247.96","4,247.96","4,207.61","408.84M","-0.13"
"May 30, 2014","4,242.62","4,251.49","4,252.08","4,221.95","511.40M","-0.13"
"May 29, 2014","4,247.95","4,238.04","4,247.95","4,228.96","365.31M","0.54"
"May 28, 2014","4,225.07","4,234.96","4,238.17","4,216.89","406.89M","-0.28"
"May 27, 2014","4,237.07","4,206.44","4,237.07","4,204.72","429.96M","1.22"
"May 23, 2014","4,185.81","4,159.78","4,186.58","4,148.30","387.93M","0.76"
"May 22, 2014","4,154.34","4,136.09","4,164.85","4,131.47","434.35M","0.55"
"May 21, 2014","4,131.54","4,105.96","4,133.61","4,103.61","417.63M","0.85"
"May 20, 2014","4,096.89","4,121.11","4,124.86","4,080.61","459.62M","-0.70"
"May 19, 2014","4,125.81","4,080.33","4,128.47","4,075.70","401.44M","0.86"
"May 16, 2014","4,090.59","4,070.35","4,091.16","4,044.27","469.90M","0.52"
"May 15, 2014","4,069.29","4,096.53","4,098.25","4,035.96","539.00M","-0.76"
"May 14, 2014","4,100.63","4,122.08","4,132.33","4,093.83","443.26M","-0.71"
"May 13, 2014","4,130.16","4,144.90","4,155.13","4,128.01","446.52M","-0.33"
"May 12, 2014","4,143.86","4,092.84","4,146.54","4,092.09","485.71M","1.77"
"May 09, 2014","4,071.87","4,043.44","4,071.87","4,025.24","502.34M","0.50"
"May 08, 2014","4,051.50","4,053.28","4,109.20","4,039.91","588.77M","-0.40"
"May 07, 2014","4,067.67","4,085.49","4,091.03","4,021.05","636.41M","-0.32"
"May 06, 2014","4,080.76","4,128.22","4,132.46","4,080.76","479.26M","-1.38"
"May 05, 2014","4,138.06","4,099.25","4,138.34","4,086.35","404.88M","0.34"
"May 02, 2014","4,123.90","4,138.63","4,145.06","4,115.89","480.28M","-0.09"
"May 01, 2014","4,127.45","4,121.25","4,149.56","4,105.61","536.77M","0.31"
"Apr 30, 2014","4,114.56","4,085.19","4,116.14","4,070.62","547.57M","0.27"
"Apr 29, 2014","4,103.54","4,089.51","4,111.45","4,070.24","457.60M","0.72"
"Apr 28, 2014","4,074.40","4,091.81","4,111.59","4,014.17","572.11M","-0.03"
"Apr 25, 2014","4,075.56","4,125.16","4,126.98","4,068.10","526.90M","-1.75"
"Apr 24, 2014","4,148.34","4,174.61","4,177.16","4,107.52","521.52M","0.52"
"Apr 23, 2014","4,126.97","4,160.90","4,161.44","4,125.41","447.60M","-0.83"
"Apr 22, 2014","4,161.46","4,132.06","4,170.72","4,131.61","463.21M","0.97"
"Apr 21, 2014","4,121.55","4,105.36","4,121.55","4,081.91","395.74M","0.64"
"Apr 17, 2014","4,095.52","4,080.30","4,110.46","4,064.70","506.53M","0.23"
"Apr 16, 2014","4,086.22","4,066.82","4,086.28","4,038.81","481.18M","1.29"
"Apr 15, 2014","4,034.16","4,032.63","4,054.80","3,946.03","591.54M","0.29"
"Apr 14, 2014","4,022.69","4,038.06","4,050.79","3,986.50","488.25M","0.57"
"Apr 11, 2014","3,999.73","4,015.07","4,067.22","3,991.64","593.44M","-1.34"
"Apr 10, 2014","4,054.11","4,181.21","4,182.61","4,042.76","612.45M","-3.10"
"Apr 09, 2014","4,183.90","4,129.63","4,185.19","4,121.17","473.34M","1.72"
"Apr 08, 2014","4,112.99","4,085.18","4,120.24","4,066.11","542.20M","0.81"
"Apr 07, 2014","4,079.75","4,110.92","4,133.68","4,052.14","649.90M","-1.16"
"Apr 04, 2014","4,127.73","4,263.94","4,267.06","4,118.71","653.31M","-2.60"
"Apr 03, 2014","4,237.74","4,282.18","4,284.69","4,216.57","499.91M","-0.91"
"Apr 02, 2014","4,276.46","4,281.61","4,286.09","4,258.86","495.12M","0.20"
"Apr 01, 2014","4,268.04","4,219.87","4,268.20","4,218.77","533.02M","1.64"
"Mar 31, 2014","4,198.99","4,185.62","4,212.97","4,180.54","554.21M","1.04"
"Mar 28, 2014","4,155.76","4,163.18","4,203.49","4,144.69","483.50M","0.11"
"Mar 27, 2014","4,151.23","4,169.35","4,186.12","4,131.81","549.86M","-0.54"
"Mar 26, 2014","4,173.58","4,254.98","4,263.07","4,173.58","577.28M","-1.43"
"Mar 25, 2014","4,234.27","4,252.65","4,274.32","4,203.64","510.49M","0.19"
"Mar 24, 2014","4,226.39","4,289.49","4,289.49","4,190.61","604.09M","-1.18"
"Mar 21, 2014","4,276.79","4,339.90","4,344.39","4,268.34","1.20B","-0.98"
"Mar 20, 2014","4,319.29","4,297.99","4,329.61","4,287.41","431.12M","0.27"
"Mar 19, 2014","4,307.60","4,331.46","4,334.30","4,283.53","478.15M","-0.59"
"Mar 18, 2014","4,333.31","4,286.22","4,334.66","4,284.11","456.46M","1.25"
"Mar 17, 2014","4,279.95","4,274.22","4,301.28","4,273.01","446.41M","0.81"
"Mar 14, 2014","4,245.40","4,250.45","4,272.34","4,241.94","507.68M","-0.35"
"Mar 13, 2014","4,260.42","4,338.26","4,339.90","4,242.94","569.83M","-1.46"
"Mar 12, 2014","4,323.33","4,288.60","4,323.33","4,270.22","498.61M","0.37"
"Mar 11, 2014","4,307.19","4,342.93","4,354.43","4,295.47","573.28M","-0.63"
"Mar 10, 2014","4,334.45","4,332.62","4,339.93","4,307.84","501.33M","-0.04"
"Mar 07, 2014","4,336.22","4,370.98","4,371.39","4,319.15","514.04M","-0.37"
"Mar 06, 2014","4,352.12","4,368.81","4,371.71","4,341.00","499.17M","-0.13"
"Mar 05, 2014","4,357.97","4,352.76","4,362.50","4,344.15","514.26M","0.14"
"Mar 04, 2014","4,351.97","4,327.85","4,357.21","4,327.53","643.05M","1.75"
"Mar 03, 2014","4,277.30","4,261.42","4,284.15","4,239.65","507.66M","-0.72"
"Feb 28, 2014","4,308.12","4,323.52","4,342.59","4,275.61","643.34M","-0.25"
"Feb 27, 2014","4,318.93","4,291.47","4,322.46","4,284.78","487.35M","0.63"
"Feb 26, 2014","4,292.06","4,300.45","4,316.82","4,278.53","493.19M","0.10"
"Feb 25, 2014","4,287.59","4,298.48","4,307.51","4,275.80","496.24M","-0.13"
"Feb 24, 2014","4,292.97","4,273.32","4,311.12","4,272.11","535.27M","0.69"
"Feb 21, 2014","4,263.41","4,282.17","4,284.85","4,261.63","588.21M","-0.10"
"Feb 20, 2014","4,267.55","4,241.46","4,272.34","4,226.75","494.50M","0.70"
"Feb 19, 2014","4,237.95","4,260.74","4,274.28","4,232.38","493.76M","-0.82"
"Feb 18, 2014","4,272.78","4,253.71","4,277.33","4,243.56","498.37M","0.68"
"Feb 14, 2014","4,244.02","4,237.00","4,250.91","4,225.75","454.93M","0.08"
"Feb 13, 2014","4,240.67","4,171.58","4,240.67","4,170.47","538.01M","0.94"
"Feb 12, 2014","4,201.29","4,196.85","4,212.61","4,190.39","494.54M","0.24"
"Feb 11, 2014","4,191.05","4,154.65","4,198.51","4,153.10","478.48M","1.03"
"Feb 10, 2014","4,148.17","4,125.12","4,148.30","4,122.61","467.91M","0.54"
"Feb 07, 2014","4,125.86","4,081.82","4,126.51","4,069.93","532.90M","1.69"
"Feb 06, 2014","4,057.12","4,022.66","4,064.06","4,022.17","480.95M","1.14"
"Feb 05, 2014","4,011.55","4,015.50","4,026.28","3,968.19","535.25M","-0.50"
"Feb 04, 2014","4,031.52","4,019.44","4,044.20","4,004.58","561.05M","0.86"
"Feb 03, 2014","3,996.96","4,105.06","4,113.55","3,989.95","662.97M","-2.61"
"Jan 31, 2014","4,103.88","4,068.63","4,124.92","4,067.61","617.34M","-0.47"
"Jan 30, 2014","4,123.12","4,098.81","4,135.84","4,094.17","507.59M","1.77"
"Jan 29, 2014","4,051.43","4,060.61","4,091.27","4,044.76","555.45M","-1.14"
"Jan 28, 2014","4,097.96","4,067.86","4,099.81","4,067.69","496.49M","0.35"
"Jan 27, 2014","4,083.61","4,132.22","4,136.46","4,052.63","579.54M","-1.08"
"Jan 24, 2014","4,128.17","4,194.97","4,197.93","4,128.17","606.96M","-2.15"
"Jan 23, 2014","4,218.88","4,224.36","4,224.44","4,192.28","549.54M","-0.57"
"Jan 22, 2014","4,243.00","4,234.58","4,246.55","4,225.52","483.04M","0.41"
"Jan 21, 2014","4,225.76","4,222.98","4,227.93","4,193.17","502.83M","0.67"
"Jan 17, 2014","4,197.58","4,207.82","4,217.24","4,187.31","619.38M","-0.50"
"Jan 16, 2014","4,218.69","4,209.59","4,219.28","4,204.15","459.92M","0.09"
"Jan 15, 2014","4,214.88","4,196.53","4,218.79","4,195.98","491.43M","0.76"
"Jan 14, 2014","4,183.02","4,129.60","4,183.84","4,125.81","470.40M","1.69"
"Jan 13, 2014","4,113.30","4,167.41","4,179.47","4,097.99","549.44M","-1.47"
"Jan 10, 2014","4,174.66","4,168.94","4,174.68","4,142.21","483.38M","0.44"
"Jan 09, 2014","4,156.19","4,179.04","4,182.74","4,142.70","520.40M","-0.23"
"Jan 08, 2014","4,165.61","4,154.28","4,171.75","4,145.00","545.34M","0.30"
"Jan 07, 2014","4,153.18","4,128.57","4,158.18","4,126.48","513.53M","0.96"
"Jan 06, 2014","4,113.68","4,137.03","4,139.78","4,103.75","526.25M","-0.44"
"Jan 03, 2014","4,131.91","4,148.56","4,152.96","4,124.96","381.91M","-0.27"
"Jan 02, 2014","4,143.07","4,160.03","4,160.96","4,131.79","428.23M","-0.80"
"Dec 31, 2013","4,176.59","4,161.51","4,177.73","4,160.77","353.35M","0.54"
"Dec 30, 2013","4,154.20","4,153.58","4,158.73","4,142.18","305.83M","-0.06"
"Dec 27, 2013","4,156.59","4,173.36","4,175.36","4,153.64","283.55M","-0.25"
"Dec 26, 2013","4,167.18","4,164.21","4,169.97","4,158.59","279.53M","0.28"
"Dec 24, 2013","4,155.42","4,150.64","4,155.62","4,147.15","190.37M","0.16"
"Dec 23, 2013","4,148.90","4,136.15","4,149.31","4,127.72","424.75M","1.08"
"Dec 20, 2013","4,104.74","4,064.89","4,111.93","4,064.73","1.25B","1.15"
"Dec 19, 2013","4,058.14","4,059.34","4,063.70","4,045.41","420.20M","-0.29"
"Dec 18, 2013","4,070.06","4,024.67","4,070.38","3,979.59","535.09M","1.15"
"Dec 17, 2013","4,023.68","4,028.88","4,034.69","4,011.58","438.15M","-0.14"
"Dec 16, 2013","4,029.52","4,019.37","4,043.00","4,019.14","462.16M","0.71"
"Dec 13, 2013","4,000.97","4,015.53","4,017.45","3,992.29","387.86M","0.06"
"Dec 12, 2013","3,998.40","4,004.75","4,013.54","3,993.57","451.76M","-0.14"
"Dec 11, 2013","4,003.81","4,061.67","4,065.08","3,998.92","465.82M","-1.40"
"Dec 10, 2013","4,060.49","4,061.17","4,074.01","4,056.49","431.43M","-0.20"
"Dec 09, 2013","4,068.75","4,073.75","4,081.78","4,063.49","406.93M","0.15"
"Dec 06, 2013","4,062.52","4,069.86","4,069.86","4,042.35","412.61M","0.73"
"Dec 05, 2013","4,033.16","4,037.99","4,043.71","4,025.26","442.98M","-0.12"
"Dec 04, 2013","4,038.00","4,020.33","4,051.74","4,004.76","456.82M","0.02"
"Dec 03, 2013","4,037.20","4,038.99","4,050.08","4,022.12","457.78M","-0.20"
"Dec 02, 2013","4,045.26","4,065.66","4,068.49","4,040.88","404.83M","-0.36"
"Nov 29, 2013","4,059.89","4,057.16","4,069.70","4,055.45","239.42M","0.37"
"Nov 27, 2013","4,044.75","4,026.92","4,045.81","4,023.65","337.40M","0.67"
"Nov 26, 2013","4,017.75","3,996.70","4,026.99","3,989.49","468.58M","0.58"
"Nov 25, 2013","3,994.57","4,004.37","4,007.09","3,987.16","415.56M","0.07"
"Nov 22, 2013","3,991.65","3,977.31","3,991.66","3,973.00","405.05M","0.57"
"Nov 21, 2013","3,969.16","3,938.11","3,970.91","3,936.82","406.57M","1.22"
"Nov 20, 2013","3,921.27","3,940.98","3,952.08","3,911.61","401.25M","-0.26"
"Nov 19, 2013","3,931.55","3,945.97","3,960.44","3,923.47","406.97M","-0.44"
"Nov 18, 2013","3,949.07","3,990.06","3,994.97","3,942.84","434.40M","-0.93"
"Nov 15, 2013","3,985.97","3,978.27","3,985.97","3,969.22","494.97M","0.33"
"Nov 14, 2013","3,972.74","3,956.47","3,975.89","3,949.01","444.85M","0.18"
"Nov 13, 2013","3,965.57","3,899.38","3,965.57","3,899.31","443.72M","1.16"
"Nov 12, 2013","3,919.92","3,907.82","3,922.27","3,902.67","427.10M","0.00"
"Nov 11, 2013","3,919.79","3,913.64","3,925.34","3,904.72","386.46M","0.01"
"Nov 08, 2013","3,919.23","3,871.24","3,919.23","3,869.12","470.45M","1.60"
"Nov 07, 2013","3,857.33","3,935.81","3,938.33","3,855.07","547.99M","-1.90"
"Nov 06, 2013","3,931.95","3,952.18","3,955.97","3,920.91","461.99M","-0.20"
"Nov 05, 2013","3,939.86","3,925.06","3,947.27","3,909.63","455.48M","0.08"
"Nov 04, 2013","3,936.59","3,932.60","3,937.50","3,919.46","429.07M","0.37"
"Nov 01, 2013","3,922.04","3,932.45","3,938.48","3,904.20","485.98M","0.06"
"Oct 31, 2013","3,919.71","3,924.34","3,945.04","3,909.26","587.13M","-0.28"
"Oct 30, 2013","3,930.62","3,962.40","3,966.71","3,919.14","457.28M","-0.55"
"Oct 29, 2013","3,952.34","3,954.34","3,957.12","3,934.94","454.05M","0.31"
"Oct 28, 2013","3,940.13","3,942.56","3,947.58","3,927.09","514.12M","-0.08"
"Oct 25, 2013","3,943.36","3,955.98","3,961.10","3,927.50","475.41M","0.37"
"Oct 24, 2013","3,928.96","3,911.61","3,932.60","3,907.54","486.02M","0.56"
"Oct 23, 2013","3,907.07","3,907.30","3,911.64","3,887.66","450.53M","-0.57"
"Oct 22, 2013","3,929.57","3,935.54","3,947.67","3,904.06","446.62M","0.24"
"Oct 21, 2013","3,920.05","3,922.65","3,931.45","3,909.91","410.33M","0.15"
"Oct 18, 2013","3,914.28","3,893.36","3,914.93","3,882.06","534.41M","1.32"
"Oct 17, 2013","3,863.15","3,822.85","3,863.49","3,821.43","480.88M","0.62"
"Oct 16, 2013","3,839.43","3,815.00","3,840.48","3,814.15","408.35M","1.20"
"Oct 15, 2013","3,794.01","3,810.72","3,824.44","3,789.68","432.68M","-0.56"
"Oct 14, 2013","3,815.28","3,767.49","3,816.41","3,766.28","364.00M","0.62"
"Oct 11, 2013","3,791.87","3,753.22","3,794.37","3,751.38","408.39M","0.83"
"Oct 10, 2013","3,760.75","3,721.58","3,764.72","3,721.11","437.74M","2.26"
"Oct 09, 2013","3,677.78","3,701.62","3,702.15","3,650.03","533.37M","-0.46"
"Oct 08, 2013","3,694.83","3,772.22","3,772.49","3,694.14","481.57M","-2.00"
"Oct 07, 2013","3,770.38","3,776.64","3,800.08","3,769.75","350.76M","-0.98"
"Oct 04, 2013","3,807.75","3,774.72","3,812.86","3,773.40","342.50M","0.89"
"Oct 03, 2013","3,774.34","3,809.90","3,816.96","3,753.17","432.21M","-1.07"
"Oct 02, 2013","3,815.02","3,793.11","3,819.28","3,788.45","389.04M","-0.08"
"Oct 01, 2013","3,817.98","3,774.18","3,817.98","3,774.18","427.65M","1.23"
"Sep 30, 2013","3,771.48","3,737.60","3,780.97","3,734.74","517.56M","-0.27"
"Sep 27, 2013","3,781.59","3,767.89","3,788.35","3,762.67","378.98M","-0.15"
"Sep 26, 2013","3,787.43","3,774.95","3,795.72","3,772.80","391.05M","0.70"
"Sep 25, 2013","3,761.10","3,772.59","3,782.92","3,754.94","396.66M","-0.19"
"Sep 24, 2013","3,768.25","3,771.60","3,789.85","3,753.04","411.18M","0.08"
"Sep 23, 2013","3,765.29","3,786.84","3,787.14","3,745.54","412.33M","-0.25"
"Sep 20, 2013","3,774.73","3,796.28","3,798.76","3,774.11","965.15M","-0.39"
"Sep 19, 2013","3,789.38","3,794.70","3,798.16","3,781.59","388.05M","0.15"
"Sep 18, 2013","3,783.64","3,751.29","3,790.70","3,737.69","413.28M","1.01"
"Sep 17, 2013","3,745.70","3,725.31","3,747.08","3,724.26","335.97M","0.75"
"Sep 16, 2013","3,717.85","3,755.00","3,756.24","3,712.47","350.89M","-0.12"
"Sep 13, 2013","3,722.18","3,723.27","3,724.73","3,701.88","307.64M","0.17"
"Sep 12, 2013","3,715.97","3,724.53","3,731.84","3,713.08","350.68M","-0.24"
"Sep 11, 2013","3,725.01","3,710.79","3,726.59","3,704.22","382.31M","-0.11"
"Sep 10, 2013","3,729.02","3,724.67","3,729.38","3,716.44","403.55M","0.62"
"Sep 09, 2013","3,706.18","3,675.12","3,708.42","3,675.12","351.95M","1.26"
"Sep 06, 2013","3,660.01","3,672.82","3,677.07","3,618.77","390.50M","0.03"
"Sep 05, 2013","3,658.78","3,652.44","3,665.01","3,651.17","337.42M","0.27"
"Sep 04, 2013","3,649.04","3,619.05","3,651.78","3,612.22","428.67M","1.01"
"Sep 03, 2013","3,612.61","3,622.64","3,637.06","3,593.62","411.22M","0.63"
"Aug 30, 2013","3,589.87","3,621.59","3,621.78","3,581.05","365.19M","-0.84"
"Aug 29, 2013","3,620.30","3,587.07","3,635.84","3,587.07","304.41M","0.75"
"Aug 28, 2013","3,593.35","3,579.11","3,607.36","3,578.80","314.63M","0.41"
"Aug 27, 2013","3,578.52","3,616.06","3,629.95","3,573.57","371.07M","-2.16"
"Aug 26, 2013","3,657.57","3,661.80","3,684.22","3,652.26","320.25M","-0.01"
"Aug 23, 2013","3,657.79","3,659.21","3,660.66","3,643.86","342.96M","0.52"
"Aug 22, 2013","3,638.71","3,614.14","3,639.21","3,613.93","257.82M","1.08"
"Aug 21, 2013","3,599.79","3,603.68","3,630.23","3,589.02","340.21M","-0.38"
"Aug 20, 2013","3,613.59","3,596.77","3,625.26","3,593.14","297.61M","0.68"
"Aug 19, 2013","3,589.09","3,601.88","3,623.48","3,589.03","326.25M","-0.38"
"Aug 16, 2013","3,602.78","3,603.78","3,621.46","3,598.65","402.40M","-0.09"
"Aug 15, 2013","3,606.12","3,625.36","3,626.77","3,600.96","388.14M","-1.72"
"Aug 14, 2013","3,669.27","3,683.97","3,686.55","3,668.74","360.84M","-0.41"
"Aug 13, 2013","3,684.44","3,675.37","3,691.06","3,648.82","361.42M","0.39"
"Aug 12, 2013","3,669.95","3,645.78","3,673.51","3,645.39","323.06M","0.27"
"Aug 09, 2013","3,660.11","3,664.27","3,677.83","3,649.69","348.49M","-0.25"
"Aug 08, 2013","3,669.12","3,672.21","3,675.71","3,649.64","374.29M","0.41"
"Aug 07, 2013","3,654.01","3,658.53","3,663.20","3,633.59","376.95M","-0.32"
"Aug 06, 2013","3,665.77","3,685.39","3,690.32","3,654.67","345.09M","-0.74"
"Aug 05, 2013","3,692.95","3,682.67","3,694.19","3,681.34","300.01M","0.09"
"Aug 02, 2013","3,689.59","3,671.11","3,689.59","3,663.88","362.14M","0.38"
"Aug 01, 2013","3,675.74","3,654.18","3,678.50","3,653.74","400.21M","1.36"
"Jul 31, 2013","3,626.37","3,627.66","3,649.35","3,624.77","454.73M","0.27"
"Jul 30, 2013","3,616.47","3,612.36","3,629.12","3,606.33","380.42M","0.48"
"Jul 29, 2013","3,599.14","3,604.29","3,618.85","3,592.80","313.13M","-0.39"
"Jul 26, 2013","3,613.16","3,584.85","3,613.33","3,581.26","388.83M","0.22"
"Jul 25, 2013","3,605.19","3,589.46","3,606.19","3,579.20","491.34M","0.71"
"Jul 24, 2013","3,579.60","3,605.26","3,606.28","3,573.53","416.68M","0.01"
"Jul 23, 2013","3,579.27","3,606.70","3,606.70","3,576.96","362.45M","-0.59"
"Jul 22, 2013","3,600.39","3,599.87","3,601.92","3,587.46","362.97M","0.36"
"Jul 19, 2013","3,587.61","3,581.90","3,589.05","3,578.57","463.03M","-0.66"
"Jul 18, 2013","3,611.28","3,610.03","3,624.54","3,607.09","377.39M","0.04"
"Jul 17, 2013","3,610.00","3,608.13","3,615.79","3,600.69","358.96M","0.32"
"Jul 16, 2013","3,598.50","3,611.00","3,611.35","3,589.65","366.49M","-0.25"
"Jul 15, 2013","3,607.49","3,601.09","3,609.59","3,591.54","333.35M","0.21"
"Jul 12, 2013","3,600.08","3,579.58","3,600.08","3,576.57","420.80M","0.61"
"Jul 11, 2013","3,578.30","3,557.79","3,579.29","3,552.52","403.90M","1.63"
"Jul 10, 2013","3,520.76","3,502.11","3,522.99","3,502.00","372.21M","0.47"
"Jul 09, 2013","3,504.26","3,501.25","3,508.81","3,484.79","385.45M","0.56"
"Jul 08, 2013","3,484.83","3,493.81","3,495.51","3,475.39","380.07M","0.16"
"Jul 05, 2013","3,479.38","3,468.48","3,479.46","3,441.78","311.46M","1.04"
"Jul 03, 2013","3,443.67","3,420.27","3,455.42","3,417.88","230.42M","0.30"
"Jul 02, 2013","3,433.40","3,430.69","3,453.29","3,415.23","397.17M","-0.03"
"Jul 01, 2013","3,434.49","3,430.48","3,454.43","3,430.31","394.86M","0.92"
"Jun 28, 2013","3,403.25","3,389.30","3,422.20","3,382.75","1.13B","0.04"
"Jun 27, 2013","3,401.86","3,395.79","3,412.79","3,395.41","392.16M","0.76"
"Jun 26, 2013","3,376.22","3,375.70","3,383.70","3,365.48","393.98M","0.85"
"Jun 25, 2013","3,347.89","3,350.59","3,358.31","3,327.69","408.55M","0.82"
"Jun 24, 2013","3,320.76","3,326.38","3,344.66","3,294.95","493.60M","-1.09"
"Jun 21, 2013","3,357.25","3,367.81","3,377.30","3,326.86","1.08B","-0.22"
"Jun 20, 2013","3,364.64","3,405.14","3,412.94","3,355.93","496.99M","-2.28"
"Jun 19, 2013","3,443.20","3,483.59","3,485.45","3,443.20","389.86M","-1.12"
"Jun 18, 2013","3,482.18","3,456.29","3,488.31","3,456.09","358.54M","0.87"
"Jun 17, 2013","3,452.13","3,449.97","3,468.56","3,436.34","366.21M","0.83"
"Jun 14, 2013","3,423.56","3,442.31","3,448.40","3,419.32","340.27M","-0.63"
"Jun 13, 2013","3,445.36","3,398.54","3,451.03","3,387.61","361.12M","1.32"
"Jun 12, 2013","3,400.43","3,458.14","3,459.18","3,395.91","358.76M","-1.06"
"Jun 11, 2013","3,436.95","3,436.62","3,466.57","3,426.57","357.18M","-1.06"
"Jun 10, 2013","3,473.77","3,475.68","3,484.81","3,465.54","356.29M","0.13"
"Jun 07, 2013","3,469.22","3,437.84","3,471.73","3,429.43","412.58M","1.32"
"Jun 06, 2013","3,424.05","3,404.41","3,424.05","3,378.24","444.55M","0.66"
"Jun 05, 2013","3,401.48","3,432.85","3,446.15","3,397.91","438.82M","-1.27"
"Jun 04, 2013","3,445.26","3,467.02","3,482.75","3,430.02","456.83M","-0.58"
"Jun 03, 2013","3,465.37","3,460.76","3,465.84","3,419.39","519.27M","0.27"
"May 31, 2013","3,455.91","3,478.22","3,500.67","3,455.84","554.18M","-1.01"
"May 30, 2013","3,491.30","3,473.21","3,503.82","3,473.04","399.85M","0.69"
"May 29, 2013","3,467.52","3,471.67","3,479.53","3,450.40","384.64M","-0.61"
"May 28, 2013","3,488.89","3,497.90","3,514.80","3,475.39","420.67M","0.86"
"May 24, 2013","3,459.14","3,438.28","3,459.47","3,429.31","344.65M","-0.01"
"May 23, 2013","3,459.42","3,426.07","3,467.13","3,422.51","436.89M","-0.11"
"May 22, 2013","3,463.30","3,503.48","3,532.04","3,446.96","503.74M","-1.11"
"May 21, 2013","3,502.12","3,495.46","3,512.15","3,486.88","401.05M","0.16"
"May 20, 2013","3,496.43","3,490.46","3,509.41","3,488.13","405.12M","-0.07"
"May 17, 2013","3,498.97","3,483.41","3,499.20","3,473.04","497.13M","0.97"
"May 16, 2013","3,465.24","3,473.16","3,485.95","3,462.24","425.36M","-0.18"
"May 15, 2013","3,471.62","3,455.67","3,475.48","3,452.31","399.04M","0.26"
"May 14, 2013","3,462.61","3,439.72","3,468.67","3,439.72","395.21M","0.69"
"May 13, 2013","3,438.79","3,429.53","3,447.10","3,426.67","355.12M","0.06"
"May 10, 2013","3,436.58","3,414.84","3,436.60","3,411.59","370.14M","0.80"
"May 09, 2013","3,409.17","3,408.94","3,428.54","3,403.43","386.73M","-0.12"
"May 08, 2013","3,413.27","3,394.89","3,413.27","3,389.80","384.61M","0.49"
"May 07, 2013","3,396.63","3,398.83","3,402.24","3,381.04","376.44M","0.11"
"May 06, 2013","3,392.97","3,382.33","3,396.21","3,381.44","334.29M","0.42"
"May 03, 2013","3,378.63","3,371.41","3,388.12","3,370.30","388.72M","1.14"
"May 02, 2013","3,340.62","3,306.15","3,344.90","3,305.81","394.59M","1.26"
"May 01, 2013","3,299.13","3,325.35","3,330.02","3,296.51","458.00M","-0.89"
"Apr 30, 2013","3,328.79","3,308.05","3,328.79","3,298.58","522.65M","0.66"
"Apr 29, 2013","3,307.02","3,290.31","3,315.34","3,289.42","369.13M","0.85"
"Apr 26, 2013","3,279.26","3,284.07","3,287.48","3,268.03","429.90M","-0.33"
"Apr 25, 2013","3,289.99","3,279.82","3,301.28","3,279.29","458.90M","0.62"
"Apr 24, 2013","3,269.65","3,262.21","3,277.12","3,255.44","425.31M","0.01"
"Apr 23, 2013","3,269.33","3,252.80","3,275.89","3,241.52","418.17M","1.11"
"Apr 22, 2013","3,233.55","3,217.40","3,241.16","3,198.74","426.94M","0.86"
"Apr 19, 2013","3,206.06","3,169.32","3,210.03","3,168.33","494.38M","1.25"
"Apr 18, 2013","3,166.36","3,212.24","3,212.97","3,154.96","460.30M","-1.20"
"Apr 17, 2013","3,204.67","3,236.25","3,236.98","3,186.08","490.88M","-1.84"
"Apr 16, 2013","3,264.63","3,239.05","3,265.84","3,231.45","387.38M","1.50"
"Apr 15, 2013","3,216.49","3,277.58","3,283.40","3,213.46","484.38M","-2.38"
"Apr 12, 2013","3,294.95","3,292.39","3,296.50","3,271.02","374.58M","-0.16"
"Apr 11, 2013","3,300.16","3,289.59","3,306.95","3,287.74","432.12M","0.09"
"Apr 10, 2013","3,297.25","3,246.06","3,299.16","3,245.80","420.21M","1.83"
"Apr 09, 2013","3,237.86","3,229.81","3,249.95","3,215.02","371.76M","0.48"
"Apr 08, 2013","3,222.25","3,207.15","3,222.26","3,195.57","333.25M","0.57"
"Apr 05, 2013","3,203.86","3,174.00","3,206.21","3,168.88","400.59M","-0.65"
"Apr 04, 2013","3,224.98","3,219.11","3,226.24","3,206.02","354.61M","0.20"
"Apr 03, 2013","3,218.60","3,257.38","3,260.15","3,210.39","440.86M","-1.11"
"Apr 02, 2013","3,254.86","3,252.55","3,267.93","3,245.41","366.75M","0.48"
"Apr 01, 2013","3,239.17","3,268.63","3,270.23","3,230.57","366.64M","-0.87"
"Mar 28, 2013","3,267.52","3,257.32","3,270.30","3,253.21","423.25M","0.34"
"Mar 27, 2013","3,256.52","3,230.76","3,258.26","3,227.02","316.13M","0.12"
"Mar 26, 2013","3,252.48","3,249.95","3,252.93","3,239.92","306.78M","0.53"
"Mar 25, 2013","3,235.30","3,255.85","3,263.63","3,222.48","380.23M","-0.30"
"Mar 22, 2013","3,245.00","3,235.30","3,247.94","3,230.86","354.60M","0.70"
"Mar 21, 2013","3,222.60","3,228.17","3,237.57","3,215.69","360.38M","-0.97"
"Mar 20, 2013","3,254.19","3,251.91","3,257.99","3,240.90","348.77M","0.78"
"Mar 19, 2013","3,229.10","3,246.70","3,252.60","3,205.42","371.62M","-0.26"
"Mar 18, 2013","3,237.59","3,215.71","3,249.37","3,211.10","352.52M","-0.35"
"Mar 15, 2013","3,249.07","3,260.46","3,260.62","3,242.65","872.86M","-0.30"
"Mar 14, 2013","3,258.93","3,253.00","3,258.93","3,250.24","364.80M","0.43"
"Mar 13, 2013","3,245.12","3,243.04","3,251.45","3,230.62","340.77M","0.09"
"Mar 12, 2013","3,242.32","3,244.85","3,249.78","3,229.92","366.79M","-0.32"
"Mar 11, 2013","3,252.87","3,237.74","3,252.87","3,233.67","346.20M","0.26"
"Mar 08, 2013","3,244.37","3,245.85","3,248.70","3,227.89","354.70M","0.38"
"Mar 07, 2013","3,232.09","3,224.50","3,235.10","3,221.47","365.78M","0.30"
"Mar 06, 2013","3,222.37","3,233.31","3,233.44","3,217.67","377.54M","-0.05"
"Mar 05, 2013","3,224.13","3,200.38","3,227.31","3,200.27","418.69M","1.32"
"Mar 04, 2013","3,182.03","3,159.46","3,182.27","3,154.79","397.77M","0.39"
"Mar 01, 2013","3,169.74","3,143.54","3,171.50","3,129.40","431.39M","0.30"
"Feb 28, 2013","3,160.19","3,161.43","3,182.60","3,159.72","540.44M","-0.07"
"Feb 27, 2013","3,162.26","3,129.72","3,177.80","3,127.27","396.96M","1.04"
"Feb 26, 2013","3,129.65","3,126.23","3,135.57","3,105.36","430.03M","0.43"
"Feb 25, 2013","3,116.25","3,180.59","3,186.25","3,116.25","456.01M","-1.44"
"Feb 22, 2013","3,161.82","3,149.09","3,161.82","3,139.55","359.90M","0.97"
"Feb 21, 2013","3,131.49","3,154.88","3,155.19","3,118.62","441.00M","-1.04"
"Feb 20, 2013","3,164.41","3,211.99","3,213.25","3,163.95","459.79M","-1.53"
"Feb 19, 2013","3,213.59","3,197.46","3,213.60","3,194.92","407.53M","0.68"
"Feb 15, 2013","3,192.03","3,202.84","3,206.21","3,184.03","480.04M","-0.21"
"Feb 14, 2013","3,198.66","3,182.74","3,202.33","3,182.39","415.06M","0.06"
"Feb 13, 2013","3,196.88","3,195.34","3,205.52","3,187.06","404.45M","0.33"
"Feb 12, 2013","3,186.49","3,190.73","3,196.92","3,184.84","404.99M","-0.17"
"Feb 11, 2013","3,192.00","3,192.53","3,194.01","3,182.19","325.43M","-0.06"
"Feb 08, 2013","3,193.87","3,178.06","3,196.89","3,177.18","383.64M","0.91"
"Feb 07, 2013","3,165.13","3,167.44","3,170.42","3,135.98","414.27M","-0.11"
"Feb 06, 2013","3,168.48","3,159.38","3,174.82","3,157.35","414.86M","-0.10"
"Feb 05, 2013","3,171.58","3,140.90","3,178.52","3,136.82","433.50M","1.29"
"Feb 04, 2013","3,131.17","3,161.72","3,169.63","3,130.57","433.02M","-1.51"
"Feb 01, 2013","3,179.10","3,162.94","3,183.14","3,154.91","470.01M","1.18"
"Jan 31, 2013","3,142.13","3,140.67","3,154.18","3,136.82","520.15M","-0.01"
"Jan 30, 2013","3,142.31","3,157.43","3,164.06","3,135.83","439.35M","-0.36"
"Jan 29, 2013","3,153.66","3,149.62","3,156.94","3,133.11","423.35M","-0.02"
"Jan 28, 2013","3,154.30","3,152.17","3,161.83","3,144.89","383.49M","0.15"
"Jan 25, 2013","3,149.71","3,140.65","3,156.20","3,135.86","409.49M","0.62"
"Jan 24, 2013","3,130.38","3,125.67","3,153.56","3,124.45","427.84M","-0.74"
"Jan 23, 2013","3,153.67","3,155.82","3,161.06","3,149.74","359.68M","0.33"
"Jan 22, 2013","3,143.18","3,135.63","3,143.18","3,121.54","379.22M","0.27"
"Jan 18, 2013","3,134.71","3,127.91","3,134.73","3,119.20","486.02M","-0.04"
"Jan 17, 2013","3,136.00","3,130.49","3,144.05","3,125.79","375.20M","0.59"
"Jan 16, 2013","3,117.54","3,110.72","3,124.65","3,106.79","352.34M","0.22"
"Jan 15, 2013","3,110.78","3,101.06","3,112.29","3,093.32","374.30M","-0.22"
"Jan 14, 2013","3,117.50","3,113.65","3,123.48","3,104.08","386.85M","-0.26"
"Jan 11, 2013","3,125.64","3,122.12","3,126.59","3,114.10","342.67M","0.12"
"Jan 10, 2013","3,121.76","3,125.64","3,127.72","3,098.47","353.22M","0.51"
"Jan 09, 2013","3,105.81","3,099.65","3,111.22","3,096.34","353.26M","0.45"
"Jan 08, 2013","3,091.81","3,098.46","3,103.39","3,076.60","372.48M","-0.23"
"Jan 07, 2013","3,098.81","3,089.17","3,102.35","3,083.88","349.04M","-0.09"
"Jan 04, 2013","3,101.66","3,100.88","3,108.44","3,090.81","366.40M","0.04"
"Jan 03, 2013","3,100.57","3,108.49","3,118.18","3,092.28","379.34M","-0.38"
"Jan 02, 2013","3,112.26","3,091.33","3,112.65","3,083.49","482.50M","3.07"
"","","","","","",""
"","Highest:7,003.89","Lowest:3,076.60","Difference:3,927.29","Average:4,815.88","Change %:128.63"
